start,end,period_end,value,unit,fy,fp,form,frame,metric,tag
2016-01-01,2016-12-31,2016-12-31,135987000000,USD,2018,FY,10-K,CY2016,revenue,RevenueFromContractWithCustomerExcludingAssessedTax
2017-01-01,2017-03-31,2017-03-31,35714000000,USD,2018,FY,10-K,CY2017Q1,revenue,RevenueFromContractWithCustomerExcludingAssessedTax
2017-04-01,2017-06-30,2017-06-30,37955000000,USD,2018,FY,10-K,CY2017Q2,revenue,RevenueFromContractWithCustomerExcludingAssessedTax
2017-01-01,2017-09-30,2017-09-30,117413000000,USD,2018,Q3,10-Q,,revenue,RevenueFromContractWithCustomerExcludingAssessedTax
2017-07-01,2017-09-30,2017-09-30,43744000000,USD,2018,Q3,10-Q,,revenue,RevenueFromContractWithCustomerExcludingAssessedTax
2017-07-01,2017-09-30,2017-09-30,43744000000,USD,2018,FY,10-K,CY2017Q3,revenue,RevenueFromContractWithCustomerExcludingAssessedTax
2017-01-01,2017-12-31,2017-12-31,177866000000,USD,2018,FY,10-K,,revenue,RevenueFromContractWithCustomerExcludingAssessedTax
2017-01-01,2017-12-31,2017-12-31,177866000000,USD,2019,FY,10-K,CY2017,revenue,RevenueFromContractWithCustomerExcludingAssessedTax
2017-10-01,2017-12-31,2017-12-31,60453000000,USD,2018,FY,10-K,CY2017Q4,revenue,RevenueFromContractWithCustomerExcludingAssessedTax
2018-01-01,2018-03-31,2018-03-31,51042000000,USD,2018,FY,10-K,,revenue,RevenueFromContractWithCustomerExcludingAssessedTax
2018-01-01,2018-03-31,2018-03-31,51042000000,USD,2019,Q1,10-Q,,revenue,RevenueFromContractWithCustomerExcludingAssessedTax
2018-01-01,2018-03-31,2018-03-31,51042000000,USD,2019,FY,10-K,CY2018Q1,revenue,RevenueFromContractWithCustomerExcludingAssessedTax
2018-01-01,2018-06-30,2018-06-30,103928000000,USD,2019,Q2,10-Q,,revenue,RevenueFromContractWithCustomerExcludingAssessedTax
2018-04-01,2018-06-30,2018-06-30,52886000000,USD,2018,FY,10-K,,revenue,RevenueFromContractWithCustomerExcludingAssessedTax
2018-04-01,2018-06-30,2018-06-30,52886000000,USD,2019,Q2,10-Q,,revenue,RevenueFromContractWithCustomerExcludingAssessedTax
2018-04-01,2018-06-30,2018-06-30,52886000000,USD,2019,FY,10-K,CY2018Q2,revenue,RevenueFromContractWithCustomerExcludingAssessedTax
2018-01-01,2018-09-30,2018-09-30,160504000000,USD,2018,Q3,10-Q,,revenue,RevenueFromContractWithCustomerExcludingAssessedTax
2018-01-01,2018-09-30,2018-09-30,160504000000,USD,2019,Q3,10-Q,,revenue,RevenueFromContractWithCustomerExcludingAssessedTax
2018-07-01,2018-09-30,2018-09-30,56576000000,USD,2018,Q3,10-Q,,revenue,RevenueFromContractWithCustomerExcludingAssessedTax
2018-07-01,2018-09-30,2018-09-30,56576000000,USD,2018,FY,10-K,,revenue,RevenueFromContractWithCustomerExcludingAssessedTax
2018-07-01,2018-09-30,2018-09-30,56576000000,USD,2019,Q3,10-Q,,revenue,RevenueFromContractWithCustomerExcludingAssessedTax
2018-07-01,2018-09-30,2018-09-30,56576000000,USD,2019,FY,10-K,CY2018Q3,revenue,RevenueFromContractWithCustomerExcludingAssessedTax
2018-01-01,2018-12-31,2018-12-31,232887000000,USD,2018,FY,10-K,,revenue,RevenueFromContractWithCustomerExcludingAssessedTax
2018-01-01,2018-12-31,2018-12-31,232887000000,USD,2019,FY,10-K,,revenue,RevenueFromContractWithCustomerExcludingAssessedTax
2018-01-01,2018-12-31,2018-12-31,232887000000,USD,2020,FY,10-K,CY2018,revenue,RevenueFromContractWithCustomerExcludingAssessedTax
2018-10-01,2018-12-31,2018-12-31,72383000000,USD,2018,FY,10-K,,revenue,RevenueFromContractWithCustomerExcludingAssessedTax
2018-10-01,2018-12-31,2018-12-31,72383000000,USD,2019,FY,10-K,CY2018Q4,revenue,RevenueFromContractWithCustomerExcludingAssessedTax
2019-01-01,2019-03-31,2019-03-31,59700000000,USD,2019,Q1,10-Q,,revenue,RevenueFromContractWithCustomerExcludingAssessedTax
2019-01-01,2019-03-31,2019-03-31,59700000000,USD,2019,FY,10-K,,revenue,RevenueFromContractWithCustomerExcludingAssessedTax
2019-01-01,2019-03-31,2019-03-31,59700000000,USD,2020,Q1,10-Q,,revenue,RevenueFromContractWithCustomerExcludingAssessedTax
2019-01-01,2019-03-31,2019-03-31,59700000000,USD,2020,FY,10-K,CY2019Q1,revenue,RevenueFromContractWithCustomerExcludingAssessedTax
2019-01-01,2019-06-30,2019-06-30,123104000000,USD,2019,Q2,10-Q,,revenue,RevenueFromContractWithCustomerExcludingAssessedTax
2019-01-01,2019-06-30,2019-06-30,123104000000,USD,2020,Q2,10-Q,,revenue,RevenueFromContractWithCustomerExcludingAssessedTax
2019-04-01,2019-06-30,2019-06-30,63404000000,USD,2019,Q2,10-Q,,revenue,RevenueFromContractWithCustomerExcludingAssessedTax
2019-04-01,2019-06-30,2019-06-30,63404000000,USD,2019,FY,10-K,,revenue,RevenueFromContractWithCustomerExcludingAssessedTax
2019-04-01,2019-06-30,2019-06-30,63404000000,USD,2020,Q2,10-Q,,revenue,RevenueFromContractWithCustomerExcludingAssessedTax
2019-04-01,2019-06-30,2019-06-30,63404000000,USD,2020,FY,10-K,CY2019Q2,revenue,RevenueFromContractWithCustomerExcludingAssessedTax
2019-01-01,2019-09-30,2019-09-30,193086000000,USD,2019,Q3,10-Q,,revenue,RevenueFromContractWithCustomerExcludingAssessedTax
2019-01-01,2019-09-30,2019-09-30,193086000000,USD,2020,Q3,10-Q,,revenue,RevenueFromContractWithCustomerExcludingAssessedTax
2019-07-01,2019-09-30,2019-09-30,69981000000,USD,2019,Q3,10-Q,,revenue,RevenueFromContractWithCustomerExcludingAssessedTax
2019-07-01,2019-09-30,2019-09-30,69981000000,USD,2019,FY,10-K,,revenue,RevenueFromContractWithCustomerExcludingAssessedTax
2019-07-01,2019-09-30,2019-09-30,69981000000,USD,2020,Q3,10-Q,,revenue,RevenueFromContractWithCustomerExcludingAssessedTax
2019-07-01,2019-09-30,2019-09-30,69981000000,USD,2020,FY,10-K,CY2019Q3,revenue,RevenueFromContractWithCustomerExcludingAssessedTax
2019-01-01,2019-12-31,2019-12-31,280522000000,USD,2019,FY,10-K,,revenue,RevenueFromContractWithCustomerExcludingAssessedTax
2019-01-01,2019-12-31,2019-12-31,280522000000,USD,2020,FY,10-K,,revenue,RevenueFromContractWithCustomerExcludingAssessedTax
2019-01-01,2019-12-31,2019-12-31,280522000000,USD,2021,FY,10-K,CY2019,revenue,RevenueFromContractWithCustomerExcludingAssessedTax
2019-10-01,2019-12-31,2019-12-31,87437000000,USD,2019,FY,10-K,,revenue,RevenueFromContractWithCustomerExcludingAssessedTax
2019-10-01,2019-12-31,2019-12-31,87437000000,USD,2020,FY,10-K,CY2019Q4,revenue,RevenueFromContractWithCustomerExcludingAssessedTax
2020-01-01,2020-03-31,2020-03-31,75452000000,USD,2020,Q1,10-Q,,revenue,RevenueFromContractWithCustomerExcludingAssessedTax
2020-01-01,2020-03-31,2020-03-31,75452000000,USD,2020,FY,10-K,,revenue,RevenueFromContractWithCustomerExcludingAssessedTax
2020-01-01,2020-03-31,2020-03-31,75452000000,USD,2021,Q1,10-Q,CY2020Q1,revenue,RevenueFromContractWithCustomerExcludingAssessedTax
2020-01-01,2020-06-30,2020-06-30,164364000000,USD,2020,Q2,10-Q,,revenue,RevenueFromContractWithCustomerExcludingAssessedTax
2020-01-01,2020-06-30,2020-06-30,164364000000,USD,2021,Q2,10-Q,,revenue,RevenueFromContractWithCustomerExcludingAssessedTax
2020-04-01,2020-06-30,2020-06-30,88912000000,USD,2020,Q2,10-Q,,revenue,RevenueFromContractWithCustomerExcludingAssessedTax
2020-04-01,2020-06-30,2020-06-30,88912000000,USD,2020,FY,10-K,,revenue,RevenueFromContractWithCustomerExcludingAssessedTax
2020-04-01,2020-06-30,2020-06-30,88912000000,USD,2021,Q2,10-Q,CY2020Q2,revenue,RevenueFromContractWithCustomerExcludingAssessedTax
2020-01-01,2020-09-30,2020-09-30,260509000000,USD,2020,Q3,10-Q,,revenue,RevenueFromContractWithCustomerExcludingAssessedTax
2020-01-01,2020-09-30,2020-09-30,260509000000,USD,2021,Q3,10-Q,,revenue,RevenueFromContractWithCustomerExcludingAssessedTax
2020-07-01,2020-09-30,2020-09-30,96145000000,USD,2020,Q3,10-Q,,revenue,RevenueFromContractWithCustomerExcludingAssessedTax
2020-07-01,2020-09-30,2020-09-30,96145000000,USD,2020,FY,10-K,,revenue,RevenueFromContractWithCustomerExcludingAssessedTax
2020-07-01,2020-09-30,2020-09-30,96145000000,USD,2021,Q3,10-Q,CY2020Q3,revenue,RevenueFromContractWithCustomerExcludingAssessedTax
2020-01-01,2020-12-31,2020-12-31,386064000000,USD,2020,FY,10-K,,revenue,RevenueFromContractWithCustomerExcludingAssessedTax
2020-01-01,2020-12-31,2020-12-31,386064000000,USD,2021,FY,10-K,,revenue,RevenueFromContractWithCustomerExcludingAssessedTax
2020-01-01,2020-12-31,2020-12-31,386064000000,USD,2022,FY,10-K,CY2020,revenue,RevenueFromContractWithCustomerExcludingAssessedTax
2020-10-01,2020-12-31,2020-12-31,125555000000,USD,2020,FY,10-K,CY2020Q4,revenue,RevenueFromContractWithCustomerExcludingAssessedTax
2021-01-01,2021-03-31,2021-03-31,108518000000,USD,2021,Q1,10-Q,,revenue,RevenueFromContractWithCustomerExcludingAssessedTax
2021-01-01,2021-03-31,2021-03-31,108518000000,USD,2022,Q1,10-Q,CY2021Q1,revenue,RevenueFromContractWithCustomerExcludingAssessedTax
2021-01-01,2021-06-30,2021-06-30,221598000000,USD,2021,Q2,10-Q,,revenue,RevenueFromContractWithCustomerExcludingAssessedTax
2021-01-01,2021-06-30,2021-06-30,221598000000,USD,2022,Q2,10-Q,,revenue,RevenueFromContractWithCustomerExcludingAssessedTax
2021-04-01,2021-06-30,2021-06-30,113080000000,USD,2021,Q2,10-Q,,revenue,RevenueFromContractWithCustomerExcludingAssessedTax
2021-04-01,2021-06-30,2021-06-30,113080000000,USD,2022,Q2,10-Q,CY2021Q2,revenue,RevenueFromContractWithCustomerExcludingAssessedTax
2021-01-01,2021-09-30,2021-09-30,332410000000,USD,2021,Q3,10-Q,,revenue,RevenueFromContractWithCustomerExcludingAssessedTax
2021-01-01,2021-09-30,2021-09-30,332410000000,USD,2022,Q3,10-Q,,revenue,RevenueFromContractWithCustomerExcludingAssessedTax
2021-07-01,2021-09-30,2021-09-30,110812000000,USD,2021,Q3,10-Q,,revenue,RevenueFromContractWithCustomerExcludingAssessedTax
2021-07-01,2021-09-30,2021-09-30,110812000000,USD,2022,Q3,10-Q,CY2021Q3,revenue,RevenueFromContractWithCustomerExcludingAssessedTax
2021-01-01,2021-12-31,2021-12-31,469822000000,USD,2021,FY,10-K,,revenue,RevenueFromContractWithCustomerExcludingAssessedTax
2021-01-01,2021-12-31,2021-12-31,469822000000,USD,2022,FY,10-K,,revenue,RevenueFromContractWithCustomerExcludingAssessedTax
2021-01-01,2021-12-31,2021-12-31,469822000000,USD,2023,FY,10-K,CY2021,revenue,RevenueFromContractWithCustomerExcludingAssessedTax
2022-01-01,2022-03-31,2022-03-31,116444000000,USD,2022,Q1,10-Q,,revenue,RevenueFromContractWithCustomerExcludingAssessedTax
2022-01-01,2022-03-31,2022-03-31,116444000000,USD,2023,Q1,10-Q,CY2022Q1,revenue,RevenueFromContractWithCustomerExcludingAssessedTax
2022-01-01,2022-06-30,2022-06-30,237678000000,USD,2022,Q2,10-Q,,revenue,RevenueFromContractWithCustomerExcludingAssessedTax
2022-01-01,2022-06-30,2022-06-30,237678000000,USD,2023,Q2,10-Q,,revenue,RevenueFromContractWithCustomerExcludingAssessedTax
2022-04-01,2022-06-30,2022-06-30,121234000000,USD,2022,Q2,10-Q,,revenue,RevenueFromContractWithCustomerExcludingAssessedTax
2022-04-01,2022-06-30,2022-06-30,121234000000,USD,2023,Q2,10-Q,CY2022Q2,revenue,RevenueFromContractWithCustomerExcludingAssessedTax
2022-01-01,2022-09-30,2022-09-30,364779000000,USD,2022,Q3,10-Q,,revenue,RevenueFromContractWithCustomerExcludingAssessedTax
2022-01-01,2022-09-30,2022-09-30,364779000000,USD,2023,Q3,10-Q,,revenue,RevenueFromContractWithCustomerExcludingAssessedTax
2022-07-01,2022-09-30,2022-09-30,127101000000,USD,2022,Q3,10-Q,,revenue,RevenueFromContractWithCustomerExcludingAssessedTax
2022-07-01,2022-09-30,2022-09-30,127101000000,USD,2023,Q3,10-Q,CY2022Q3,revenue,RevenueFromContractWithCustomerExcludingAssessedTax
2022-01-01,2022-12-31,2022-12-31,513983000000,USD,2022,FY,10-K,,revenue,RevenueFromContractWithCustomerExcludingAssessedTax
2022-01-01,2022-12-31,2022-12-31,513983000000,USD,2023,FY,10-K,,revenue,RevenueFromContractWithCustomerExcludingAssessedTax
2022-01-01,2022-12-31,2022-12-31,513983000000,USD,2024,FY,10-K,CY2022,revenue,RevenueFromContractWithCustomerExcludingAssessedTax
2023-01-01,2023-03-31,2023-03-31,127358000000,USD,2023,Q1,10-Q,,revenue,RevenueFromContractWithCustomerExcludingAssessedTax
2023-01-01,2023-03-31,2023-03-31,127358000000,USD,2024,Q1,10-Q,CY2023Q1,revenue,RevenueFromContractWithCustomerExcludingAssessedTax
2023-01-01,2023-06-30,2023-06-30,261741000000,USD,2023,Q2,10-Q,,revenue,RevenueFromContractWithCustomerExcludingAssessedTax
2023-01-01,2023-06-30,2023-06-30,261741000000,USD,2024,Q2,10-Q,,revenue,RevenueFromContractWithCustomerExcludingAssessedTax
2023-04-01,2023-06-30,2023-06-30,134383000000,USD,2023,Q2,10-Q,,revenue,RevenueFromContractWithCustomerExcludingAssessedTax
2023-04-01,2023-06-30,2023-06-30,134383000000,USD,2024,Q2,10-Q,CY2023Q2,revenue,RevenueFromContractWithCustomerExcludingAssessedTax
2023-01-01,2023-09-30,2023-09-30,404824000000,USD,2023,Q3,10-Q,,revenue,RevenueFromContractWithCustomerExcludingAssessedTax
2023-01-01,2023-09-30,2023-09-30,404824000000,USD,2024,Q3,10-Q,,revenue,RevenueFromContractWithCustomerExcludingAssessedTax
2023-07-01,2023-09-30,2023-09-30,143083000000,USD,2023,Q3,10-Q,,revenue,RevenueFromContractWithCustomerExcludingAssessedTax
2023-07-01,2023-09-30,2023-09-30,143083000000,USD,2024,Q3,10-Q,CY2023Q3,revenue,RevenueFromContractWithCustomerExcludingAssessedTax
2023-01-01,2023-12-31,2023-12-31,574785000000,USD,2023,FY,10-K,,revenue,RevenueFromContractWithCustomerExcludingAssessedTax
2023-01-01,2023-12-31,2023-12-31,574785000000,USD,2024,FY,10-K,,revenue,RevenueFromContractWithCustomerExcludingAssessedTax
2023-01-01,2023-12-31,2023-12-31,574785000000,USD,2025,FY,10-K,CY2023,revenue,RevenueFromContractWithCustomerExcludingAssessedTax
2024-01-01,2024-03-31,2024-03-31,143313000000,USD,2024,Q1,10-Q,,revenue,RevenueFromContractWithCustomerExcludingAssessedTax
2024-01-01,2024-03-31,2024-03-31,143313000000,USD,2025,Q1,10-Q,CY2024Q1,revenue,RevenueFromContractWithCustomerExcludingAssessedTax
2024-01-01,2024-06-30,2024-06-30,291290000000,USD,2024,Q2,10-Q,,revenue,RevenueFromContractWithCustomerExcludingAssessedTax
2024-01-01,2024-06-30,2024-06-30,291290000000,USD,2025,Q2,10-Q,,revenue,RevenueFromContractWithCustomerExcludingAssessedTax
2024-04-01,2024-06-30,2024-06-30,147977000000,USD,2024,Q2,10-Q,,revenue,RevenueFromContractWithCustomerExcludingAssessedTax
2024-04-01,2024-06-30,2024-06-30,147977000000,USD,2025,Q2,10-Q,CY2024Q2,revenue,RevenueFromContractWithCustomerExcludingAssessedTax
2024-01-01,2024-09-30,2024-09-30,450167000000,USD,2024,Q3,10-Q,,revenue,RevenueFromContractWithCustomerExcludingAssessedTax
2024-01-01,2024-09-30,2024-09-30,450167000000,USD,2025,Q3,10-Q,,revenue,RevenueFromContractWithCustomerExcludingAssessedTax
2024-07-01,2024-09-30,2024-09-30,158877000000,USD,2024,Q3,10-Q,,revenue,RevenueFromContractWithCustomerExcludingAssessedTax
2024-07-01,2024-09-30,2024-09-30,158877000000,USD,2025,Q3,10-Q,CY2024Q3,revenue,RevenueFromContractWithCustomerExcludingAssessedTax
2024-01-01,2024-12-31,2024-12-31,637959000000,USD,2024,FY,10-K,,revenue,RevenueFromContractWithCustomerExcludingAssessedTax
2024-01-01,2024-12-31,2024-12-31,637959000000,USD,2025,FY,10-K,CY2024,revenue,RevenueFromContractWithCustomerExcludingAssessedTax
2025-01-01,2025-03-31,2025-03-31,155667000000,USD,2025,Q1,10-Q,,revenue,RevenueFromContractWithCustomerExcludingAssessedTax
2025-01-01,2025-03-31,2025-03-31,155667000000,USD,2026,Q1,10-Q,CY2025Q1,revenue,RevenueFromContractWithCustomerExcludingAssessedTax
2025-01-01,2025-06-30,2025-06-30,323369000000,USD,2025,Q2,10-Q,,revenue,RevenueFromContractWithCustomerExcludingAssessedTax
2025-04-01,2025-06-30,2025-06-30,167702000000,USD,2025,Q2,10-Q,CY2025Q2,revenue,RevenueFromContractWithCustomerExcludingAssessedTax
2025-01-01,2025-09-30,2025-09-30,503538000000,USD,2025,Q3,10-Q,,revenue,RevenueFromContractWithCustomerExcludingAssessedTax
2025-07-01,2025-09-30,2025-09-30,180169000000,USD,2025,Q3,10-Q,CY2025Q3,revenue,RevenueFromContractWithCustomerExcludingAssessedTax
2025-01-01,2025-12-31,2025-12-31,716924000000,USD,2025,FY,10-K,CY2025,revenue,RevenueFromContractWithCustomerExcludingAssessedTax
2026-01-01,2026-03-31,2026-03-31,181519000000,USD,2026,Q1,10-Q,CY2026Q1,revenue,RevenueFromContractWithCustomerExcludingAssessedTax
2007-01-01,2007-12-31,2007-12-31,14835000000,USD,2009,FY,10-K,CY2007,revenue,SalesRevenueNet
2008-01-01,2008-06-30,2008-06-30,8198000000,USD,2009,Q2,10-Q,,revenue,SalesRevenueNet
2008-04-01,2008-06-30,2008-06-30,4063000000,USD,2009,Q2,10-Q,CY2008Q2,revenue,SalesRevenueNet
2008-01-01,2008-09-30,2008-09-30,12463000000,USD,2009,Q3,10-Q,,revenue,SalesRevenueNet
2008-07-01,2008-09-30,2008-09-30,4264000000,USD,2009,Q3,10-Q,CY2008Q3,revenue,SalesRevenueNet
2008-01-01,2008-12-31,2008-12-31,19166000000,USD,2009,FY,10-K,,revenue,SalesRevenueNet
2008-01-01,2008-12-31,2008-12-31,19166000000,USD,2010,FY,10-K,CY2008,revenue,SalesRevenueNet
2009-01-01,2009-03-31,2009-03-31,4889000000,USD,2010,Q1,10-Q,,revenue,SalesRevenueNet
2009-01-01,2009-03-31,2009-03-31,4889000000,USD,2010,FY,10-K,CY2009Q1,revenue,SalesRevenueNet
2009-01-01,2009-06-30,2009-06-30,9541000000,USD,2009,Q2,10-Q,,revenue,SalesRevenueNet
2009-01-01,2009-06-30,2009-06-30,9541000000,USD,2010,Q2,10-Q,,revenue,SalesRevenueNet
2009-04-01,2009-06-30,2009-06-30,4651000000,USD,2009,Q2,10-Q,,revenue,SalesRevenueNet
2009-04-01,2009-06-30,2009-06-30,4651000000,USD,2010,Q2,10-Q,,revenue,SalesRevenueNet
2009-04-01,2009-06-30,2009-06-30,4651000000,USD,2010,FY,10-K,CY2009Q2,revenue,SalesRevenueNet
2009-01-01,2009-09-30,2009-09-30,14989000000,USD,2009,Q3,10-Q,,revenue,SalesRevenueNet
2009-01-01,2009-09-30,2009-09-30,14989000000,USD,2010,Q3,10-Q,,revenue,SalesRevenueNet
2009-07-01,2009-09-30,2009-09-30,5449000000,USD,2009,Q3,10-Q,,revenue,SalesRevenueNet
2009-07-01,2009-09-30,2009-09-30,5449000000,USD,2010,Q3,10-Q,,revenue,SalesRevenueNet
2009-07-01,2009-09-30,2009-09-30,5449000000,USD,2010,FY,10-K,CY2009Q3,revenue,SalesRevenueNet
2009-01-01,2009-12-31,2009-12-31,24509000000,USD,2009,FY,10-K,,revenue,SalesRevenueNet
2009-01-01,2009-12-31,2009-12-31,24509000000,USD,2010,FY,10-K,,revenue,SalesRevenueNet
2009-01-01,2009-12-31,2009-12-31,24509000000,USD,2011,FY,10-K,CY2009,revenue,SalesRevenueNet
2009-10-01,2009-12-31,2009-12-31,9519000000,USD,2010,FY,10-K,CY2009Q4,revenue,SalesRevenueNet
2010-01-01,2010-03-31,2010-03-31,7131000000,USD,2010,Q1,10-Q,,revenue,SalesRevenueNet
2010-01-01,2010-03-31,2010-03-31,7131000000,USD,2010,FY,10-K,,revenue,SalesRevenueNet
2010-01-01,2010-03-31,2010-03-31,7131000000,USD,2011,Q1,10-Q,,revenue,SalesRevenueNet
2010-01-01,2010-03-31,2010-03-31,7131000000,USD,2011,FY,10-K,CY2010Q1,revenue,SalesRevenueNet
2010-01-01,2010-06-30,2010-06-30,13697000000,USD,2010,Q2,10-Q,,revenue,SalesRevenueNet
2010-01-01,2010-06-30,2010-06-30,13697000000,USD,2011,Q2,10-Q,,revenue,SalesRevenueNet
2010-04-01,2010-06-30,2010-06-30,6566000000,USD,2010,Q2,10-Q,,revenue,SalesRevenueNet
2010-04-01,2010-06-30,2010-06-30,6566000000,USD,2010,FY,10-K,,revenue,SalesRevenueNet
2010-04-01,2010-06-30,2010-06-30,6566000000,USD,2011,Q2,10-Q,,revenue,SalesRevenueNet
2010-04-01,2010-06-30,2010-06-30,6566000000,USD,2011,FY,10-K,CY2010Q2,revenue,SalesRevenueNet
2010-01-01,2010-09-30,2010-09-30,21257000000,USD,2010,Q3,10-Q,,revenue,SalesRevenueNet
2010-01-01,2010-09-30,2010-09-30,21257000000,USD,2011,Q3,10-Q,,revenue,SalesRevenueNet
2010-07-01,2010-09-30,2010-09-30,7560000000,USD,2010,Q3,10-Q,,revenue,SalesRevenueNet
2010-07-01,2010-09-30,2010-09-30,7560000000,USD,2010,FY,10-K,,revenue,SalesRevenueNet
2010-07-01,2010-09-30,2010-09-30,7560000000,USD,2011,Q3,10-Q,,revenue,SalesRevenueNet
2010-07-01,2010-09-30,2010-09-30,7560000000,USD,2011,FY,10-K,CY2010Q3,revenue,SalesRevenueNet
2010-01-01,2010-12-31,2010-12-31,34204000000,USD,2010,FY,10-K,,revenue,SalesRevenueNet
2010-01-01,2010-12-31,2010-12-31,34204000000,USD,2011,FY,10-K,,revenue,SalesRevenueNet
2010-01-01,2010-12-31,2010-12-31,34204000000,USD,2012,FY,10-K,CY2010,revenue,SalesRevenueNet
2010-10-01,2010-12-31,2010-12-31,12948000000,USD,2010,FY,10-K,,revenue,SalesRevenueNet
2010-10-01,2010-12-31,2010-12-31,12948000000,USD,2011,FY,10-K,CY2010Q4,revenue,SalesRevenueNet
2011-01-01,2011-03-31,2011-03-31,9857000000,USD,2011,Q1,10-Q,,revenue,SalesRevenueNet
2011-01-01,2011-03-31,2011-03-31,9857000000,USD,2011,FY,10-K,,revenue,SalesRevenueNet
2011-01-01,2011-03-31,2011-03-31,9857000000,USD,2012,Q1,10-Q,,revenue,SalesRevenueNet
2011-01-01,2011-03-31,2011-03-31,13185000000,USD,2012,FY,10-K,CY2011Q1,revenue,SalesRevenueNet
2011-01-01,2011-06-30,2011-06-30,19770000000,USD,2011,Q2,10-Q,,revenue,SalesRevenueNet
2011-01-01,2011-06-30,2011-06-30,19770000000,USD,2012,Q2,10-Q,,revenue,SalesRevenueNet
2011-04-01,2011-06-30,2011-06-30,9913000000,USD,2011,Q2,10-Q,,revenue,SalesRevenueNet
2011-04-01,2011-06-30,2011-06-30,9913000000,USD,2011,FY,10-K,,revenue,SalesRevenueNet
2011-04-01,2011-06-30,2011-06-30,9913000000,USD,2012,Q2,10-Q,,revenue,SalesRevenueNet
2011-04-01,2011-06-30,2011-06-30,12834000000,USD,2012,FY,10-K,CY2011Q2,revenue,SalesRevenueNet
2011-01-01,2011-09-30,2011-09-30,30646000000,USD,2011,Q3,10-Q,,revenue,SalesRevenueNet
2011-01-01,2011-09-30,2011-09-30,30646000000,USD,2012,Q3,10-Q,,revenue,SalesRevenueNet
2011-07-01,2011-09-30,2011-09-30,10876000000,USD,2011,Q3,10-Q,,revenue,SalesRevenueNet
2011-07-01,2011-09-30,2011-09-30,10876000000,USD,2011,FY,10-K,,revenue,SalesRevenueNet
2011-07-01,2011-09-30,2011-09-30,10876000000,USD,2012,Q3,10-Q,,revenue,SalesRevenueNet
2011-07-01,2011-09-30,2011-09-30,13806000000,USD,2012,FY,10-K,CY2011Q3,revenue,SalesRevenueNet
2011-01-01,2011-12-31,2011-12-31,48077000000,USD,2011,FY,10-K,,revenue,SalesRevenueNet
2011-01-01,2011-12-31,2011-12-31,48077000000,USD,2012,FY,10-K,,revenue,SalesRevenueNet
2011-01-01,2011-12-31,2011-12-31,48077000000,USD,2013,FY,10-K,CY2011,revenue,SalesRevenueNet
2011-10-01,2011-12-31,2011-12-31,17431000000,USD,2011,FY,10-K,,revenue,SalesRevenueNet
2011-10-01,2011-12-31,2011-12-31,21268000000,USD,2012,FY,10-K,CY2011Q4,revenue,SalesRevenueNet
2012-01-01,2012-03-31,2012-03-31,13185000000,USD,2012,Q1,10-Q,,revenue,SalesRevenueNet
2012-01-01,2012-03-31,2012-03-31,9857000000,USD,2012,FY,10-K,,revenue,SalesRevenueNet
2012-01-01,2012-03-31,2012-03-31,13185000000,USD,2013,Q1,10-Q,,revenue,SalesRevenueNet
2012-01-01,2012-03-31,2012-03-31,13185000000,USD,2013,FY,10-K,CY2012Q1,revenue,SalesRevenueNet
2012-01-01,2012-06-30,2012-06-30,26019000000,USD,2012,Q2,10-Q,,revenue,SalesRevenueNet
2012-01-01,2012-06-30,2012-06-30,26019000000,USD,2013,Q2,10-Q,,revenue,SalesRevenueNet
2012-04-01,2012-06-30,2012-06-30,12834000000,USD,2012,Q2,10-Q,,revenue,SalesRevenueNet
2012-04-01,2012-06-30,2012-06-30,9913000000,USD,2012,FY,10-K,,revenue,SalesRevenueNet
2012-04-01,2012-06-30,2012-06-30,12834000000,USD,2013,Q2,10-Q,,revenue,SalesRevenueNet
2012-04-01,2012-06-30,2012-06-30,12834000000,USD,2013,FY,10-K,CY2012Q2,revenue,SalesRevenueNet
2012-01-01,2012-09-30,2012-09-30,39825000000,USD,2012,Q3,10-Q,,revenue,SalesRevenueNet
2012-01-01,2012-09-30,2012-09-30,39825000000,USD,2013,Q3,10-Q,,revenue,SalesRevenueNet
2012-07-01,2012-09-30,2012-09-30,13806000000,USD,2012,Q3,10-Q,,revenue,SalesRevenueNet
2012-07-01,2012-09-30,2012-09-30,10876000000,USD,2012,FY,10-K,,revenue,SalesRevenueNet
2012-07-01,2012-09-30,2012-09-30,13806000000,USD,2013,Q3,10-Q,,revenue,SalesRevenueNet
2012-07-01,2012-09-30,2012-09-30,13806000000,USD,2013,FY,10-K,CY2012Q3,revenue,SalesRevenueNet
2012-01-01,2012-12-31,2012-12-31,61093000000,USD,2012,FY,10-K,,revenue,SalesRevenueNet
2012-01-01,2012-12-31,2012-12-31,61093000000,USD,2013,FY,10-K,,revenue,SalesRevenueNet
2012-01-01,2012-12-31,2012-12-31,61093000000,USD,2014,FY,10-K,CY2012,revenue,SalesRevenueNet
2012-10-01,2012-12-31,2012-12-31,17431000000,USD,2012,FY,10-K,,revenue,SalesRevenueNet
2012-10-01,2012-12-31,2012-12-31,21268000000,USD,2013,FY,10-K,CY2012Q4,revenue,SalesRevenueNet
2013-01-01,2013-03-31,2013-03-31,16070000000,USD,2013,Q1,10-Q,,revenue,SalesRevenueNet
2013-01-01,2013-03-31,2013-03-31,16070000000,USD,2013,FY,10-K,,revenue,SalesRevenueNet
2013-01-01,2013-03-31,2013-03-31,16070000000,USD,2014,Q1,10-Q,,revenue,SalesRevenueNet
2013-01-01,2013-03-31,2013-03-31,16070000000,USD,2014,FY,10-K,CY2013Q1,revenue,SalesRevenueNet
2013-01-01,2013-06-30,2013-06-30,31774000000,USD,2013,Q2,10-Q,,revenue,SalesRevenueNet
2013-01-01,2013-06-30,2013-06-30,31774000000,USD,2014,Q2,10-Q,,revenue,SalesRevenueNet
2013-04-01,2013-06-30,2013-06-30,15704000000,USD,2013,Q2,10-Q,,revenue,SalesRevenueNet
2013-04-01,2013-06-30,2013-06-30,15704000000,USD,2013,FY,10-K,,revenue,SalesRevenueNet
2013-04-01,2013-06-30,2013-06-30,15704000000,USD,2014,Q2,10-Q,,revenue,SalesRevenueNet
2013-04-01,2013-06-30,2013-06-30,15704000000,USD,2014,FY,10-K,CY2013Q2,revenue,SalesRevenueNet
2013-01-01,2013-09-30,2013-09-30,48865000000,USD,2013,Q3,10-Q,,revenue,SalesRevenueNet
2013-01-01,2013-09-30,2013-09-30,48865000000,USD,2014,Q3,10-Q,,revenue,SalesRevenueNet
2013-07-01,2013-09-30,2013-09-30,17092000000,USD,2013,Q3,10-Q,,revenue,SalesRevenueNet
2013-07-01,2013-09-30,2013-09-30,17092000000,USD,2013,FY,10-K,,revenue,SalesRevenueNet
2013-07-01,2013-09-30,2013-09-30,17092000000,USD,2014,Q3,10-Q,,revenue,SalesRevenueNet
2013-07-01,2013-09-30,2013-09-30,17092000000,USD,2014,FY,10-K,CY2013Q3,revenue,SalesRevenueNet
2013-01-01,2013-12-31,2013-12-31,74452000000,USD,2013,FY,10-K,,revenue,SalesRevenueNet
2013-01-01,2013-12-31,2013-12-31,74452000000,USD,2014,FY,10-K,,revenue,SalesRevenueNet
2013-01-01,2013-12-31,2013-12-31,74452000000,USD,2015,FY,10-K,CY2013,revenue,SalesRevenueNet
2013-10-01,2013-12-31,2013-12-31,25587000000,USD,2013,FY,10-K,,revenue,SalesRevenueNet
2013-10-01,2013-12-31,2013-12-31,25587000000,USD,2014,FY,10-K,CY2013Q4,revenue,SalesRevenueNet
2014-01-01,2014-03-31,2014-03-31,19741000000,USD,2014,Q1,10-Q,,revenue,SalesRevenueNet
2014-01-01,2014-03-31,2014-03-31,19741000000,USD,2014,FY,10-K,,revenue,SalesRevenueNet
2014-01-01,2014-03-31,2014-03-31,19741000000,USD,2015,Q1,10-Q,,revenue,SalesRevenueNet
2014-01-01,2014-03-31,2014-03-31,19741000000,USD,2015,FY,10-K,CY2014Q1,revenue,SalesRevenueNet
2014-01-01,2014-06-30,2014-06-30,39081000000,USD,2014,Q2,10-Q,,revenue,SalesRevenueNet
2014-01-01,2014-06-30,2014-06-30,39081000000,USD,2015,Q2,10-Q,,revenue,SalesRevenueNet
2014-04-01,2014-06-30,2014-06-30,19340000000,USD,2014,Q2,10-Q,,revenue,SalesRevenueNet
2014-04-01,2014-06-30,2014-06-30,19340000000,USD,2014,FY,10-K,,revenue,SalesRevenueNet
2014-04-01,2014-06-30,2014-06-30,19340000000,USD,2015,Q2,10-Q,,revenue,SalesRevenueNet
2014-04-01,2014-06-30,2014-06-30,19340000000,USD,2015,FY,10-K,CY2014Q2,revenue,SalesRevenueNet
2014-01-01,2014-09-30,2014-09-30,59659000000,USD,2014,Q3,10-Q,,revenue,SalesRevenueNet
2014-01-01,2014-09-30,2014-09-30,59659000000,USD,2015,Q3,10-Q,,revenue,SalesRevenueNet
2014-07-01,2014-09-30,2014-09-30,20579000000,USD,2014,Q3,10-Q,,revenue,SalesRevenueNet
2014-07-01,2014-09-30,2014-09-30,20579000000,USD,2014,FY,10-K,,revenue,SalesRevenueNet
2014-07-01,2014-09-30,2014-09-30,20579000000,USD,2015,Q3,10-Q,,revenue,SalesRevenueNet
2014-07-01,2014-09-30,2014-09-30,20579000000,USD,2015,FY,10-K,CY2014Q3,revenue,SalesRevenueNet
2014-01-01,2014-12-31,2014-12-31,88988000000,USD,2014,FY,10-K,,revenue,SalesRevenueNet
2014-01-01,2014-12-31,2014-12-31,88988000000,USD,2015,FY,10-K,,revenue,SalesRevenueNet
2014-01-01,2014-12-31,2014-12-31,88988000000,USD,2016,FY,10-K,CY2014,revenue,SalesRevenueNet
2014-10-01,2014-12-31,2014-12-31,29328000000,USD,2014,FY,10-K,,revenue,SalesRevenueNet
2014-10-01,2014-12-31,2014-12-31,29328000000,USD,2015,FY,10-K,CY2014Q4,revenue,SalesRevenueNet
2015-01-01,2015-03-31,2015-03-31,22717000000,USD,2015,Q1,10-Q,,revenue,SalesRevenueNet
2015-01-01,2015-03-31,2015-03-31,22717000000,USD,2015,FY,10-K,,revenue,SalesRevenueNet
2015-01-01,2015-03-31,2015-03-31,22717000000,USD,2016,Q1,10-Q,,revenue,SalesRevenueNet
2015-01-01,2015-03-31,2015-03-31,22717000000,USD,2016,FY,10-K,CY2015Q1,revenue,SalesRevenueNet
2015-01-01,2015-06-30,2015-06-30,45901000000,USD,2015,Q2,10-Q,,revenue,SalesRevenueNet
2015-01-01,2015-06-30,2015-06-30,45901000000,USD,2016,Q2,10-Q,,revenue,SalesRevenueNet
2015-04-01,2015-06-30,2015-06-30,23185000000,USD,2015,Q2,10-Q,,revenue,SalesRevenueNet
2015-04-01,2015-06-30,2015-06-30,23185000000,USD,2015,FY,10-K,,revenue,SalesRevenueNet
2015-04-01,2015-06-30,2015-06-30,23185000000,USD,2016,Q2,10-Q,,revenue,SalesRevenueNet
2015-04-01,2015-06-30,2015-06-30,23185000000,USD,2016,FY,10-K,CY2015Q2,revenue,SalesRevenueNet
2015-01-01,2015-09-30,2015-09-30,71259000000,USD,2015,Q3,10-Q,,revenue,SalesRevenueNet
2015-01-01,2015-09-30,2015-09-30,71259000000,USD,2016,Q3,10-Q,,revenue,SalesRevenueNet
2015-07-01,2015-09-30,2015-09-30,25358000000,USD,2015,Q3,10-Q,,revenue,SalesRevenueNet
2015-07-01,2015-09-30,2015-09-30,25358000000,USD,2015,FY,10-K,,revenue,SalesRevenueNet
2015-07-01,2015-09-30,2015-09-30,25358000000,USD,2016,Q3,10-Q,,revenue,SalesRevenueNet
2015-07-01,2015-09-30,2015-09-30,25358000000,USD,2016,FY,10-K,CY2015Q3,revenue,SalesRevenueNet
2015-01-01,2015-12-31,2015-12-31,107006000000,USD,2015,FY,10-K,,revenue,SalesRevenueNet
2015-01-01,2015-12-31,2015-12-31,107006000000,USD,2016,FY,10-K,,revenue,SalesRevenueNet
2015-01-01,2015-12-31,2015-12-31,107006000000,USD,2017,FY,10-K,CY2015,revenue,SalesRevenueNet
2015-10-01,2015-12-31,2015-12-31,35747000000,USD,2015,FY,10-K,,revenue,SalesRevenueNet
2015-10-01,2015-12-31,2015-12-31,35747000000,USD,2016,FY,10-K,CY2015Q4,revenue,SalesRevenueNet
2016-01-01,2016-03-31,2016-03-31,29128000000,USD,2016,Q1,10-Q,,revenue,SalesRevenueNet
2016-01-01,2016-03-31,2016-03-31,29128000000,USD,2016,FY,10-K,,revenue,SalesRevenueNet
2016-01-01,2016-03-31,2016-03-31,29128000000,USD,2017,Q1,10-Q,,revenue,SalesRevenueNet
2016-01-01,2016-03-31,2016-03-31,29128000000,USD,2017,FY,10-K,CY2016Q1,revenue,SalesRevenueNet
2016-01-01,2016-06-30,2016-06-30,59532000000,USD,2016,Q2,10-Q,,revenue,SalesRevenueNet
2016-01-01,2016-06-30,2016-06-30,59532000000,USD,2017,Q2,10-Q,,revenue,SalesRevenueNet
2016-04-01,2016-06-30,2016-06-30,30404000000,USD,2016,Q2,10-Q,,revenue,SalesRevenueNet
2016-04-01,2016-06-30,2016-06-30,30404000000,USD,2016,FY,10-K,,revenue,SalesRevenueNet
2016-04-01,2016-06-30,2016-06-30,30404000000,USD,2017,Q2,10-Q,,revenue,SalesRevenueNet
2016-04-01,2016-06-30,2016-06-30,30404000000,USD,2017,FY,10-K,CY2016Q2,revenue,SalesRevenueNet
2016-01-01,2016-09-30,2016-09-30,92246000000,USD,2016,Q3,10-Q,,revenue,SalesRevenueNet
2016-01-01,2016-09-30,2016-09-30,92246000000,USD,2017,Q3,10-Q,,revenue,SalesRevenueNet
2016-07-01,2016-09-30,2016-09-30,32714000000,USD,2016,Q3,10-Q,,revenue,SalesRevenueNet
2016-07-01,2016-09-30,2016-09-30,32714000000,USD,2016,FY,10-K,,revenue,SalesRevenueNet
2016-07-01,2016-09-30,2016-09-30,32714000000,USD,2017,Q3,10-Q,,revenue,SalesRevenueNet
2016-07-01,2016-09-30,2016-09-30,32714000000,USD,2017,FY,10-K,CY2016Q3,revenue,SalesRevenueNet
2016-01-01,2016-12-31,2016-12-31,135987000000,USD,2016,FY,10-K,,revenue,SalesRevenueNet
2016-01-01,2016-12-31,2016-12-31,135987000000,USD,2017,FY,10-K,CY2016,revenue,SalesRevenueNet
2016-10-01,2016-12-31,2016-12-31,43741000000,USD,2016,FY,10-K,,revenue,SalesRevenueNet
2016-10-01,2016-12-31,2016-12-31,43741000000,USD,2017,FY,10-K,CY2016Q4,revenue,SalesRevenueNet
2017-01-01,2017-03-31,2017-03-31,35714000000,USD,2017,Q1,10-Q,,revenue,SalesRevenueNet
2017-01-01,2017-03-31,2017-03-31,35714000000,USD,2017,FY,10-K,,revenue,SalesRevenueNet
2017-01-01,2017-03-31,2017-03-31,35714000000,USD,2018,Q1,10-Q,CY2017Q1,revenue,SalesRevenueNet
2017-01-01,2017-06-30,2017-06-30,73669000000,USD,2017,Q2,10-Q,,revenue,SalesRevenueNet
2017-01-01,2017-06-30,2017-06-30,73669000000,USD,2018,Q2,10-Q,,revenue,SalesRevenueNet
2017-04-01,2017-06-30,2017-06-30,37955000000,USD,2017,Q2,10-Q,,revenue,SalesRevenueNet
2017-04-01,2017-06-30,2017-06-30,37955000000,USD,2017,FY,10-K,,revenue,SalesRevenueNet
2017-04-01,2017-06-30,2017-06-30,37955000000,USD,2018,Q2,10-Q,CY2017Q2,revenue,SalesRevenueNet
2017-01-01,2017-09-30,2017-09-30,117413000000,USD,2017,Q3,10-Q,,revenue,SalesRevenueNet
2017-07-01,2017-09-30,2017-09-30,43744000000,USD,2017,Q3,10-Q,,revenue,SalesRevenueNet
2017-07-01,2017-09-30,2017-09-30,43744000000,USD,2017,FY,10-K,CY2017Q3,revenue,SalesRevenueNet
2017-01-01,2017-12-31,2017-12-31,177866000000,USD,2017,FY,10-K,CY2017,revenue,SalesRevenueNet
2017-10-01,2017-12-31,2017-12-31,60453000000,USD,2017,FY,10-K,CY2017Q4,revenue,SalesRevenueNet
2018-01-01,2018-03-31,2018-03-31,51042000000,USD,2018,Q1,10-Q,CY2018Q1,revenue,SalesRevenueNet
2018-01-01,2018-06-30,2018-06-30,103928000000,USD,2018,Q2,10-Q,,revenue,SalesRevenueNet
2018-04-01,2018-06-30,2018-06-30,52886000000,USD,2018,Q2,10-Q,CY2018Q2,revenue,SalesRevenueNet
2007-01-01,2007-12-31,2007-12-31,655000000,USD,2009,FY,10-K,CY2007,operating_income,OperatingIncomeLoss
2008-01-01,2008-06-30,2008-06-30,415000000,USD,2009,Q2,10-Q,,operating_income,OperatingIncomeLoss
2008-04-01,2008-06-30,2008-06-30,217000000,USD,2009,Q2,10-Q,CY2008Q2,operating_income,OperatingIncomeLoss
2008-01-01,2008-09-30,2008-09-30,569000000,USD,2009,Q3,10-Q,,operating_income,OperatingIncomeLoss
2008-07-01,2008-09-30,2008-09-30,154000000,USD,2009,Q3,10-Q,CY2008Q3,operating_income,OperatingIncomeLoss
2008-01-01,2008-12-31,2008-12-31,842000000,USD,2009,FY,10-K,,operating_income,OperatingIncomeLoss
2008-01-01,2008-12-31,2008-12-31,842000000,USD,2010,FY,10-K,CY2008,operating_income,OperatingIncomeLoss
2009-01-01,2009-03-31,2009-03-31,244000000,USD,2010,Q1,10-Q,CY2009Q1,operating_income,OperatingIncomeLoss
2009-01-01,2009-06-30,2009-06-30,402000000,USD,2009,Q2,10-Q,,operating_income,OperatingIncomeLoss
2009-01-01,2009-06-30,2009-06-30,402000000,USD,2010,Q2,10-Q,,operating_income,OperatingIncomeLoss
2009-04-01,2009-06-30,2009-06-30,159000000,USD,2009,Q2,10-Q,,operating_income,OperatingIncomeLoss
2009-04-01,2009-06-30,2009-06-30,159000000,USD,2010,Q2,10-Q,CY2009Q2,operating_income,OperatingIncomeLoss
2009-01-01,2009-09-30,2009-09-30,653000000,USD,2009,Q3,10-Q,,operating_income,OperatingIncomeLoss
2009-01-01,2009-09-30,2009-09-30,653000000,USD,2010,Q3,10-Q,,operating_income,OperatingIncomeLoss
2009-07-01,2009-09-30,2009-09-30,251000000,USD,2009,Q3,10-Q,,operating_income,OperatingIncomeLoss
2009-07-01,2009-09-30,2009-09-30,251000000,USD,2010,Q3,10-Q,CY2009Q3,operating_income,OperatingIncomeLoss
2009-01-01,2009-12-31,2009-12-31,1129000000,USD,2009,FY,10-K,,operating_income,OperatingIncomeLoss
2009-01-01,2009-12-31,2009-12-31,1129000000,USD,2010,FY,10-K,,operating_income,OperatingIncomeLoss
2009-01-01,2009-12-31,2009-12-31,1129000000,USD,2011,FY,10-K,CY2009,operating_income,OperatingIncomeLoss
2010-01-01,2010-03-31,2010-03-31,394000000,USD,2010,Q1,10-Q,,operating_income,OperatingIncomeLoss
2010-01-01,2010-03-31,2010-03-31,394000000,USD,2011,Q1,10-Q,CY2010Q1,operating_income,OperatingIncomeLoss
2010-01-01,2010-06-30,2010-06-30,665000000,USD,2010,Q2,10-Q,,operating_income,OperatingIncomeLoss
2010-01-01,2010-06-30,2010-06-30,665000000,USD,2011,Q2,10-Q,,operating_income,OperatingIncomeLoss
2010-04-01,2010-06-30,2010-06-30,270000000,USD,2010,Q2,10-Q,,operating_income,OperatingIncomeLoss
2010-04-01,2010-06-30,2010-06-30,270000000,USD,2011,Q2,10-Q,CY2010Q2,operating_income,OperatingIncomeLoss
2010-01-01,2010-09-30,2010-09-30,932000000,USD,2010,Q3,10-Q,,operating_income,OperatingIncomeLoss
2010-01-01,2010-09-30,2010-09-30,932000000,USD,2011,Q3,10-Q,,operating_income,OperatingIncomeLoss
2010-07-01,2010-09-30,2010-09-30,268000000,USD,2010,Q3,10-Q,,operating_income,OperatingIncomeLoss
2010-07-01,2010-09-30,2010-09-30,268000000,USD,2011,Q3,10-Q,CY2010Q3,operating_income,OperatingIncomeLoss
2010-01-01,2010-12-31,2010-12-31,1406000000,USD,2010,FY,10-K,,operating_income,OperatingIncomeLoss
2010-01-01,2010-12-31,2010-12-31,1406000000,USD,2011,FY,10-K,,operating_income,OperatingIncomeLoss
2010-01-01,2010-12-31,2010-12-31,1406000000,USD,2012,FY,10-K,CY2010,operating_income,OperatingIncomeLoss
2011-01-01,2011-03-31,2011-03-31,322000000,USD,2011,Q1,10-Q,,operating_income,OperatingIncomeLoss
2011-01-01,2011-03-31,2011-03-31,322000000,USD,2012,Q1,10-Q,CY2011Q1,operating_income,OperatingIncomeLoss
2011-01-01,2011-06-30,2011-06-30,523000000,USD,2011,Q2,10-Q,,operating_income,OperatingIncomeLoss
2011-01-01,2011-06-30,2011-06-30,523000000,USD,2012,Q2,10-Q,,operating_income,OperatingIncomeLoss
2011-04-01,2011-06-30,2011-06-30,201000000,USD,2011,Q2,10-Q,,operating_income,OperatingIncomeLoss
2011-04-01,2011-06-30,2011-06-30,201000000,USD,2012,Q2,10-Q,CY2011Q2,operating_income,OperatingIncomeLoss
2011-01-01,2011-09-30,2011-09-30,602000000,USD,2011,Q3,10-Q,,operating_income,OperatingIncomeLoss
2011-01-01,2011-09-30,2011-09-30,602000000,USD,2012,Q3,10-Q,,operating_income,OperatingIncomeLoss
2011-07-01,2011-09-30,2011-09-30,79000000,USD,2011,Q3,10-Q,,operating_income,OperatingIncomeLoss
2011-07-01,2011-09-30,2011-09-30,79000000,USD,2012,Q3,10-Q,CY2011Q3,operating_income,OperatingIncomeLoss
2011-01-01,2011-12-31,2011-12-31,862000000,USD,2011,FY,10-K,,operating_income,OperatingIncomeLoss
2011-01-01,2011-12-31,2011-12-31,862000000,USD,2012,FY,10-K,,operating_income,OperatingIncomeLoss
2011-01-01,2011-12-31,2011-12-31,862000000,USD,2013,FY,10-K,CY2011,operating_income,OperatingIncomeLoss
2012-01-01,2012-03-31,2012-03-31,192000000,USD,2012,Q1,10-Q,,operating_income,OperatingIncomeLoss
2012-01-01,2012-03-31,2012-03-31,192000000,USD,2013,Q1,10-Q,,operating_income,OperatingIncomeLoss
2012-01-01,2012-03-31,2012-03-31,192000000,USD,2013,FY,10-K,CY2012Q1,operating_income,OperatingIncomeLoss
2012-01-01,2012-06-30,2012-06-30,298000000,USD,2012,Q2,10-Q,,operating_income,OperatingIncomeLoss
2012-01-01,2012-06-30,2012-06-30,298000000,USD,2013,Q2,10-Q,,operating_income,OperatingIncomeLoss
2012-04-01,2012-06-30,2012-06-30,107000000,USD,2012,Q2,10-Q,,operating_income,OperatingIncomeLoss
2012-04-01,2012-06-30,2012-06-30,107000000,USD,2013,Q2,10-Q,,operating_income,OperatingIncomeLoss
2012-04-01,2012-06-30,2012-06-30,107000000,USD,2013,FY,10-K,CY2012Q2,operating_income,OperatingIncomeLoss
2012-01-01,2012-09-30,2012-09-30,271000000,USD,2012,Q3,10-Q,,operating_income,OperatingIncomeLoss
2012-01-01,2012-09-30,2012-09-30,271000000,USD,2013,Q3,10-Q,,operating_income,OperatingIncomeLoss
2012-07-01,2012-09-30,2012-09-30,-28000000,USD,2012,Q3,10-Q,,operating_income,OperatingIncomeLoss
2012-07-01,2012-09-30,2012-09-30,-28000000,USD,2013,Q3,10-Q,,operating_income,OperatingIncomeLoss
2012-07-01,2012-09-30,2012-09-30,-28000000,USD,2013,FY,10-K,CY2012Q3,operating_income,OperatingIncomeLoss
2012-01-01,2012-12-31,2012-12-31,676000000,USD,2012,FY,10-K,,operating_income,OperatingIncomeLoss
2012-01-01,2012-12-31,2012-12-31,676000000,USD,2013,FY,10-K,,operating_income,OperatingIncomeLoss
2012-01-01,2012-12-31,2012-12-31,676000000,USD,2014,FY,10-K,CY2012,operating_income,OperatingIncomeLoss
2012-10-01,2012-12-31,2012-12-31,405000000,USD,2013,FY,10-K,CY2012Q4,operating_income,OperatingIncomeLoss
2013-01-01,2013-03-31,2013-03-31,181000000,USD,2013,Q1,10-Q,,operating_income,OperatingIncomeLoss
2013-01-01,2013-03-31,2013-03-31,181000000,USD,2013,FY,10-K,,operating_income,OperatingIncomeLoss
2013-01-01,2013-03-31,2013-03-31,181000000,USD,2014,Q1,10-Q,,operating_income,OperatingIncomeLoss
2013-01-01,2013-03-31,2013-03-31,181000000,USD,2014,FY,10-K,CY2013Q1,operating_income,OperatingIncomeLoss
2013-01-01,2013-06-30,2013-06-30,260000000,USD,2013,Q2,10-Q,,operating_income,OperatingIncomeLoss
2013-01-01,2013-06-30,2013-06-30,260000000,USD,2014,Q2,10-Q,,operating_income,OperatingIncomeLoss
2013-04-01,2013-06-30,2013-06-30,79000000,USD,2013,Q2,10-Q,,operating_income,OperatingIncomeLoss
2013-04-01,2013-06-30,2013-06-30,79000000,USD,2013,FY,10-K,,operating_income,OperatingIncomeLoss
2013-04-01,2013-06-30,2013-06-30,79000000,USD,2014,Q2,10-Q,,operating_income,OperatingIncomeLoss
2013-04-01,2013-06-30,2013-06-30,79000000,USD,2014,FY,10-K,CY2013Q2,operating_income,OperatingIncomeLoss
2013-01-01,2013-09-30,2013-09-30,235000000,USD,2013,Q3,10-Q,,operating_income,OperatingIncomeLoss
2013-01-01,2013-09-30,2013-09-30,235000000,USD,2014,Q3,10-Q,,operating_income,OperatingIncomeLoss
2013-07-01,2013-09-30,2013-09-30,-25000000,USD,2013,Q3,10-Q,,operating_income,OperatingIncomeLoss
2013-07-01,2013-09-30,2013-09-30,-25000000,USD,2013,FY,10-K,,operating_income,OperatingIncomeLoss
2013-07-01,2013-09-30,2013-09-30,-25000000,USD,2014,Q3,10-Q,,operating_income,OperatingIncomeLoss
2013-07-01,2013-09-30,2013-09-30,-25000000,USD,2014,FY,10-K,CY2013Q3,operating_income,OperatingIncomeLoss
2013-01-01,2013-12-31,2013-12-31,745000000,USD,2013,FY,10-K,,operating_income,OperatingIncomeLoss
2013-01-01,2013-12-31,2013-12-31,745000000,USD,2014,FY,10-K,,operating_income,OperatingIncomeLoss
2013-01-01,2013-12-31,2013-12-31,745000000,USD,2015,FY,10-K,CY2013,operating_income,OperatingIncomeLoss
2013-10-01,2013-12-31,2013-12-31,510000000,USD,2013,FY,10-K,,operating_income,OperatingIncomeLoss
2013-10-01,2013-12-31,2013-12-31,510000000,USD,2014,FY,10-K,CY2013Q4,operating_income,OperatingIncomeLoss
2014-01-01,2014-03-31,2014-03-31,146000000,USD,2014,Q1,10-Q,,operating_income,OperatingIncomeLoss
2014-01-01,2014-03-31,2014-03-31,146000000,USD,2014,FY,10-K,,operating_income,OperatingIncomeLoss
2014-01-01,2014-03-31,2014-03-31,146000000,USD,2015,Q1,10-Q,,operating_income,OperatingIncomeLoss
2014-01-01,2014-03-31,2014-03-31,146000000,USD,2015,FY,10-K,CY2014Q1,operating_income,OperatingIncomeLoss
2014-01-01,2014-06-30,2014-06-30,132000000,USD,2014,Q2,10-Q,,operating_income,OperatingIncomeLoss
2014-01-01,2014-06-30,2014-06-30,132000000,USD,2015,Q2,10-Q,,operating_income,OperatingIncomeLoss
2014-04-01,2014-06-30,2014-06-30,-15000000,USD,2014,Q2,10-Q,,operating_income,OperatingIncomeLoss
2014-04-01,2014-06-30,2014-06-30,-15000000,USD,2014,FY,10-K,,operating_income,OperatingIncomeLoss
2014-04-01,2014-06-30,2014-06-30,-15000000,USD,2015,Q2,10-Q,,operating_income,OperatingIncomeLoss
2014-04-01,2014-06-30,2014-06-30,-15000000,USD,2015,FY,10-K,CY2014Q2,operating_income,OperatingIncomeLoss
2014-01-01,2014-09-30,2014-09-30,-412000000,USD,2014,Q3,10-Q,,operating_income,OperatingIncomeLoss
2014-01-01,2014-09-30,2014-09-30,-412000000,USD,2015,Q3,10-Q,,operating_income,OperatingIncomeLoss
2014-07-01,2014-09-30,2014-09-30,-544000000,USD,2014,Q3,10-Q,,operating_income,OperatingIncomeLoss
2014-07-01,2014-09-30,2014-09-30,-544000000,USD,2014,FY,10-K,,operating_income,OperatingIncomeLoss
2014-07-01,2014-09-30,2014-09-30,-544000000,USD,2015,Q3,10-Q,,operating_income,OperatingIncomeLoss
2014-07-01,2014-09-30,2014-09-30,-544000000,USD,2015,FY,10-K,CY2014Q3,operating_income,OperatingIncomeLoss
2014-01-01,2014-12-31,2014-12-31,178000000,USD,2014,FY,10-K,,operating_income,OperatingIncomeLoss
2014-01-01,2014-12-31,2014-12-31,178000000,USD,2015,FY,10-K,,operating_income,OperatingIncomeLoss
2014-01-01,2014-12-31,2014-12-31,178000000,USD,2016,FY,10-K,CY2014,operating_income,OperatingIncomeLoss
2014-10-01,2014-12-31,2014-12-31,591000000,USD,2014,FY,10-K,,operating_income,OperatingIncomeLoss
2014-10-01,2014-12-31,2014-12-31,591000000,USD,2015,FY,10-K,CY2014Q4,operating_income,OperatingIncomeLoss
2015-01-01,2015-03-31,2015-03-31,255000000,USD,2015,Q1,10-Q,,operating_income,OperatingIncomeLoss
2015-01-01,2015-03-31,2015-03-31,255000000,USD,2015,FY,10-K,,operating_income,OperatingIncomeLoss
2015-01-01,2015-03-31,2015-03-31,255000000,USD,2016,Q1,10-Q,,operating_income,OperatingIncomeLoss
2015-01-01,2015-03-31,2015-03-31,255000000,USD,2016,FY,10-K,CY2015Q1,operating_income,OperatingIncomeLoss
2015-01-01,2015-06-30,2015-06-30,719000000,USD,2015,Q2,10-Q,,operating_income,OperatingIncomeLoss
2015-01-01,2015-06-30,2015-06-30,719000000,USD,2016,Q2,10-Q,,operating_income,OperatingIncomeLoss
2015-04-01,2015-06-30,2015-06-30,464000000,USD,2015,Q2,10-Q,,operating_income,OperatingIncomeLoss
2015-04-01,2015-06-30,2015-06-30,464000000,USD,2015,FY,10-K,,operating_income,OperatingIncomeLoss
2015-04-01,2015-06-30,2015-06-30,464000000,USD,2016,Q2,10-Q,,operating_income,OperatingIncomeLoss
2015-04-01,2015-06-30,2015-06-30,464000000,USD,2016,FY,10-K,CY2015Q2,operating_income,OperatingIncomeLoss
2015-01-01,2015-09-30,2015-09-30,1124000000,USD,2015,Q3,10-Q,,operating_income,OperatingIncomeLoss
2015-01-01,2015-09-30,2015-09-30,1124000000,USD,2016,Q3,10-Q,,operating_income,OperatingIncomeLoss
2015-07-01,2015-09-30,2015-09-30,406000000,USD,2015,Q3,10-Q,,operating_income,OperatingIncomeLoss
2015-07-01,2015-09-30,2015-09-30,406000000,USD,2015,FY,10-K,,operating_income,OperatingIncomeLoss
2015-07-01,2015-09-30,2015-09-30,406000000,USD,2016,Q3,10-Q,,operating_income,OperatingIncomeLoss
2015-07-01,2015-09-30,2015-09-30,406000000,USD,2016,FY,10-K,CY2015Q3,operating_income,OperatingIncomeLoss
2015-01-01,2015-12-31,2015-12-31,2233000000,USD,2015,FY,10-K,,operating_income,OperatingIncomeLoss
2015-01-01,2015-12-31,2015-12-31,2233000000,USD,2016,FY,10-K,,operating_income,OperatingIncomeLoss
2015-01-01,2015-12-31,2015-12-31,2233000000,USD,2017,FY,10-K,CY2015,operating_income,OperatingIncomeLoss
2015-10-01,2015-12-31,2015-12-31,1108000000,USD,2015,FY,10-K,,operating_income,OperatingIncomeLoss
2015-10-01,2015-12-31,2015-12-31,1108000000,USD,2016,FY,10-K,CY2015Q4,operating_income,OperatingIncomeLoss
2016-01-01,2016-03-31,2016-03-31,1071000000,USD,2016,Q1,10-Q,,operating_income,OperatingIncomeLoss
2016-01-01,2016-03-31,2016-03-31,1071000000,USD,2016,FY,10-K,,operating_income,OperatingIncomeLoss
2016-01-01,2016-03-31,2016-03-31,1071000000,USD,2017,Q1,10-Q,,operating_income,OperatingIncomeLoss
2016-01-01,2016-03-31,2016-03-31,1071000000,USD,2017,FY,10-K,CY2016Q1,operating_income,OperatingIncomeLoss
2016-01-01,2016-06-30,2016-06-30,2356000000,USD,2016,Q2,10-Q,,operating_income,OperatingIncomeLoss
2016-01-01,2016-06-30,2016-06-30,2356000000,USD,2017,Q2,10-Q,,operating_income,OperatingIncomeLoss
2016-04-01,2016-06-30,2016-06-30,1285000000,USD,2016,Q2,10-Q,,operating_income,OperatingIncomeLoss
2016-04-01,2016-06-30,2016-06-30,1285000000,USD,2016,FY,10-K,,operating_income,OperatingIncomeLoss
2016-04-01,2016-06-30,2016-06-30,1285000000,USD,2017,Q2,10-Q,,operating_income,OperatingIncomeLoss
2016-04-01,2016-06-30,2016-06-30,1285000000,USD,2017,FY,10-K,CY2016Q2,operating_income,OperatingIncomeLoss
2016-01-01,2016-09-30,2016-09-30,2931000000,USD,2016,Q3,10-Q,,operating_income,OperatingIncomeLoss
2016-01-01,2016-09-30,2016-09-30,2931000000,USD,2017,Q3,10-Q,,operating_income,OperatingIncomeLoss
2016-07-01,2016-09-30,2016-09-30,575000000,USD,2016,Q3,10-Q,,operating_income,OperatingIncomeLoss
2016-07-01,2016-09-30,2016-09-30,575000000,USD,2016,FY,10-K,,operating_income,OperatingIncomeLoss
2016-07-01,2016-09-30,2016-09-30,575000000,USD,2017,Q3,10-Q,,operating_income,OperatingIncomeLoss
2016-07-01,2016-09-30,2016-09-30,575000000,USD,2017,FY,10-K,CY2016Q3,operating_income,OperatingIncomeLoss
2016-01-01,2016-12-31,2016-12-31,4186000000,USD,2016,FY,10-K,,operating_income,OperatingIncomeLoss
2016-01-01,2016-12-31,2016-12-31,4186000000,USD,2017,FY,10-K,,operating_income,OperatingIncomeLoss
2016-01-01,2016-12-31,2016-12-31,4186000000,USD,2018,FY,10-K,CY2016,operating_income,OperatingIncomeLoss
2016-10-01,2016-12-31,2016-12-31,1255000000,USD,2016,FY,10-K,,operating_income,OperatingIncomeLoss
2016-10-01,2016-12-31,2016-12-31,1255000000,USD,2017,FY,10-K,CY2016Q4,operating_income,OperatingIncomeLoss
2017-01-01,2017-03-31,2017-03-31,1005000000,USD,2017,Q1,10-Q,,operating_income,OperatingIncomeLoss
2017-01-01,2017-03-31,2017-03-31,1005000000,USD,2017,FY,10-K,,operating_income,OperatingIncomeLoss
2017-01-01,2017-03-31,2017-03-31,1005000000,USD,2018,Q1,10-Q,,operating_income,OperatingIncomeLoss
2017-01-01,2017-03-31,2017-03-31,1005000000,USD,2018,FY,10-K,CY2017Q1,operating_income,OperatingIncomeLoss
2017-01-01,2017-06-30,2017-06-30,1632000000,USD,2017,Q2,10-Q,,operating_income,OperatingIncomeLoss
2017-01-01,2017-06-30,2017-06-30,1632000000,USD,2018,Q2,10-Q,,operating_income,OperatingIncomeLoss
2017-04-01,2017-06-30,2017-06-30,628000000,USD,2017,Q2,10-Q,,operating_income,OperatingIncomeLoss
2017-04-01,2017-06-30,2017-06-30,628000000,USD,2017,FY,10-K,,operating_income,OperatingIncomeLoss
2017-04-01,2017-06-30,2017-06-30,628000000,USD,2018,Q2,10-Q,,operating_income,OperatingIncomeLoss
2017-04-01,2017-06-30,2017-06-30,628000000,USD,2018,FY,10-K,CY2017Q2,operating_income,OperatingIncomeLoss
2017-01-01,2017-09-30,2017-09-30,1979000000,USD,2017,Q3,10-Q,,operating_income,OperatingIncomeLoss
2017-01-01,2017-09-30,2017-09-30,1979000000,USD,2018,Q3,10-Q,,operating_income,OperatingIncomeLoss
2017-07-01,2017-09-30,2017-09-30,347000000,USD,2017,Q3,10-Q,,operating_income,OperatingIncomeLoss
2017-07-01,2017-09-30,2017-09-30,347000000,USD,2017,FY,10-K,,operating_income,OperatingIncomeLoss
2017-07-01,2017-09-30,2017-09-30,347000000,USD,2018,Q3,10-Q,,operating_income,OperatingIncomeLoss
2017-07-01,2017-09-30,2017-09-30,347000000,USD,2018,FY,10-K,CY2017Q3,operating_income,OperatingIncomeLoss
2017-01-01,2017-12-31,2017-12-31,4106000000,USD,2017,FY,10-K,,operating_income,OperatingIncomeLoss
2017-01-01,2017-12-31,2017-12-31,4106000000,USD,2018,FY,10-K,,operating_income,OperatingIncomeLoss
2017-01-01,2017-12-31,2017-12-31,4106000000,USD,2019,FY,10-K,CY2017,operating_income,OperatingIncomeLoss
2017-10-01,2017-12-31,2017-12-31,2127000000,USD,2017,FY,10-K,,operating_income,OperatingIncomeLoss
2017-10-01,2017-12-31,2017-12-31,2127000000,USD,2018,FY,10-K,CY2017Q4,operating_income,OperatingIncomeLoss
2018-01-01,2018-03-31,2018-03-31,1927000000,USD,2018,Q1,10-Q,,operating_income,OperatingIncomeLoss
2018-01-01,2018-03-31,2018-03-31,1927000000,USD,2018,FY,10-K,,operating_income,OperatingIncomeLoss
2018-01-01,2018-03-31,2018-03-31,1927000000,USD,2019,Q1,10-Q,,operating_income,OperatingIncomeLoss
2018-01-01,2018-03-31,2018-03-31,1927000000,USD,2019,FY,10-K,CY2018Q1,operating_income,OperatingIncomeLoss
2018-01-01,2018-06-30,2018-06-30,4911000000,USD,2018,Q2,10-Q,,operating_income,OperatingIncomeLoss
2018-01-01,2018-06-30,2018-06-30,4911000000,USD,2019,Q2,10-Q,,operating_income,OperatingIncomeLoss
2018-04-01,2018-06-30,2018-06-30,2983000000,USD,2018,Q2,10-Q,,operating_income,OperatingIncomeLoss
2018-04-01,2018-06-30,2018-06-30,2983000000,USD,2018,FY,10-K,,operating_income,OperatingIncomeLoss
2018-04-01,2018-06-30,2018-06-30,2983000000,USD,2019,Q2,10-Q,,operating_income,OperatingIncomeLoss
2018-04-01,2018-06-30,2018-06-30,2983000000,USD,2019,FY,10-K,CY2018Q2,operating_income,OperatingIncomeLoss
2018-01-01,2018-09-30,2018-09-30,8635000000,USD,2018,Q3,10-Q,,operating_income,OperatingIncomeLoss
2018-01-01,2018-09-30,2018-09-30,8635000000,USD,2019,Q3,10-Q,,operating_income,OperatingIncomeLoss
2018-07-01,2018-09-30,2018-09-30,3724000000,USD,2018,Q3,10-Q,,operating_income,OperatingIncomeLoss
2018-07-01,2018-09-30,2018-09-30,3724000000,USD,2018,FY,10-K,,operating_income,OperatingIncomeLoss
2018-07-01,2018-09-30,2018-09-30,3724000000,USD,2019,Q3,10-Q,,operating_income,OperatingIncomeLoss
2018-07-01,2018-09-30,2018-09-30,3724000000,USD,2019,FY,10-K,CY2018Q3,operating_income,OperatingIncomeLoss
2018-01-01,2018-12-31,2018-12-31,12421000000,USD,2018,FY,10-K,,operating_income,OperatingIncomeLoss
2018-01-01,2018-12-31,2018-12-31,12421000000,USD,2019,FY,10-K,,operating_income,OperatingIncomeLoss
2018-01-01,2018-12-31,2018-12-31,12421000000,USD,2020,FY,10-K,CY2018,operating_income,OperatingIncomeLoss
2018-10-01,2018-12-31,2018-12-31,3786000000,USD,2018,FY,10-K,,operating_income,OperatingIncomeLoss
2018-10-01,2018-12-31,2018-12-31,3786000000,USD,2019,FY,10-K,CY2018Q4,operating_income,OperatingIncomeLoss
2019-01-01,2019-03-31,2019-03-31,4420000000,USD,2019,Q1,10-Q,,operating_income,OperatingIncomeLoss
2019-01-01,2019-03-31,2019-03-31,4420000000,USD,2019,FY,10-K,,operating_income,OperatingIncomeLoss
2019-01-01,2019-03-31,2019-03-31,4420000000,USD,2020,Q1,10-Q,,operating_income,OperatingIncomeLoss
2019-01-01,2019-03-31,2019-03-31,4420000000,USD,2020,FY,10-K,CY2019Q1,operating_income,OperatingIncomeLoss
2019-01-01,2019-06-30,2019-06-30,7504000000,USD,2019,Q2,10-Q,,operating_income,OperatingIncomeLoss
2019-01-01,2019-06-30,2019-06-30,7504000000,USD,2020,Q2,10-Q,,operating_income,OperatingIncomeLoss
2019-04-01,2019-06-30,2019-06-30,3084000000,USD,2019,Q2,10-Q,,operating_income,OperatingIncomeLoss
2019-04-01,2019-06-30,2019-06-30,3084000000,USD,2019,FY,10-K,,operating_income,OperatingIncomeLoss
2019-04-01,2019-06-30,2019-06-30,3084000000,USD,2020,Q2,10-Q,,operating_income,OperatingIncomeLoss
2019-04-01,2019-06-30,2019-06-30,3084000000,USD,2020,FY,10-K,CY2019Q2,operating_income,OperatingIncomeLoss
2019-01-01,2019-09-30,2019-09-30,10662000000,USD,2019,Q3,10-Q,,operating_income,OperatingIncomeLoss
2019-01-01,2019-09-30,2019-09-30,10662000000,USD,2020,Q3,10-Q,,operating_income,OperatingIncomeLoss
2019-07-01,2019-09-30,2019-09-30,3157000000,USD,2019,Q3,10-Q,,operating_income,OperatingIncomeLoss
2019-07-01,2019-09-30,2019-09-30,3157000000,USD,2019,FY,10-K,,operating_income,OperatingIncomeLoss
2019-07-01,2019-09-30,2019-09-30,3157000000,USD,2020,Q3,10-Q,,operating_income,OperatingIncomeLoss
2019-07-01,2019-09-30,2019-09-30,3157000000,USD,2020,FY,10-K,CY2019Q3,operating_income,OperatingIncomeLoss
2019-01-01,2019-12-31,2019-12-31,14541000000,USD,2019,FY,10-K,,operating_income,OperatingIncomeLoss
2019-01-01,2019-12-31,2019-12-31,14541000000,USD,2020,FY,10-K,,operating_income,OperatingIncomeLoss
2019-01-01,2019-12-31,2019-12-31,14541000000,USD,2021,FY,10-K,CY2019,operating_income,OperatingIncomeLoss
2019-10-01,2019-12-31,2019-12-31,3879000000,USD,2019,FY,10-K,,operating_income,OperatingIncomeLoss
2019-10-01,2019-12-31,2019-12-31,3879000000,USD,2020,FY,10-K,CY2019Q4,operating_income,OperatingIncomeLoss
2020-01-01,2020-03-31,2020-03-31,3989000000,USD,2020,Q1,10-Q,,operating_income,OperatingIncomeLoss
2020-01-01,2020-03-31,2020-03-31,3989000000,USD,2020,FY,10-K,,operating_income,OperatingIncomeLoss
2020-01-01,2020-03-31,2020-03-31,3989000000,USD,2021,Q1,10-Q,CY2020Q1,operating_income,OperatingIncomeLoss
2020-01-01,2020-06-30,2020-06-30,9832000000,USD,2020,Q2,10-Q,,operating_income,OperatingIncomeLoss
2020-01-01,2020-06-30,2020-06-30,9832000000,USD,2021,Q2,10-Q,,operating_income,OperatingIncomeLoss
2020-04-01,2020-06-30,2020-06-30,5843000000,USD,2020,Q2,10-Q,,operating_income,OperatingIncomeLoss
2020-04-01,2020-06-30,2020-06-30,5843000000,USD,2020,FY,10-K,,operating_income,OperatingIncomeLoss
2020-04-01,2020-06-30,2020-06-30,5843000000,USD,2021,Q2,10-Q,CY2020Q2,operating_income,OperatingIncomeLoss
2020-01-01,2020-09-30,2020-09-30,16026000000,USD,2020,Q3,10-Q,,operating_income,OperatingIncomeLoss
2020-01-01,2020-09-30,2020-09-30,16026000000,USD,2021,Q3,10-Q,,operating_income,OperatingIncomeLoss
2020-07-01,2020-09-30,2020-09-30,6194000000,USD,2020,Q3,10-Q,,operating_income,OperatingIncomeLoss
2020-07-01,2020-09-30,2020-09-30,6194000000,USD,2020,FY,10-K,,operating_income,OperatingIncomeLoss
2020-07-01,2020-09-30,2020-09-30,6194000000,USD,2021,Q3,10-Q,CY2020Q3,operating_income,OperatingIncomeLoss
2020-01-01,2020-12-31,2020-12-31,22899000000,USD,2020,FY,10-K,,operating_income,OperatingIncomeLoss
2020-01-01,2020-12-31,2020-12-31,22899000000,USD,2021,FY,10-K,,operating_income,OperatingIncomeLoss
2020-01-01,2020-12-31,2020-12-31,22899000000,USD,2022,FY,10-K,CY2020,operating_income,OperatingIncomeLoss
2020-10-01,2020-12-31,2020-12-31,6873000000,USD,2020,FY,10-K,CY2020Q4,operating_income,OperatingIncomeLoss
2021-01-01,2021-03-31,2021-03-31,8865000000,USD,2021,Q1,10-Q,,operating_income,OperatingIncomeLoss
2021-01-01,2021-03-31,2021-03-31,8865000000,USD,2022,Q1,10-Q,CY2021Q1,operating_income,OperatingIncomeLoss
2021-01-01,2021-06-30,2021-06-30,16567000000,USD,2021,Q2,10-Q,,operating_income,OperatingIncomeLoss
2021-01-01,2021-06-30,2021-06-30,16567000000,USD,2022,Q2,10-Q,,operating_income,OperatingIncomeLoss
2021-04-01,2021-06-30,2021-06-30,7702000000,USD,2021,Q2,10-Q,,operating_income,OperatingIncomeLoss
2021-04-01,2021-06-30,2021-06-30,7702000000,USD,2022,Q2,10-Q,CY2021Q2,operating_income,OperatingIncomeLoss
2021-01-01,2021-09-30,2021-09-30,21419000000,USD,2021,Q3,10-Q,,operating_income,OperatingIncomeLoss
2021-01-01,2021-09-30,2021-09-30,21419000000,USD,2022,Q3,10-Q,,operating_income,OperatingIncomeLoss
2021-07-01,2021-09-30,2021-09-30,4852000000,USD,2021,Q3,10-Q,,operating_income,OperatingIncomeLoss
2021-07-01,2021-09-30,2021-09-30,4852000000,USD,2022,Q3,10-Q,CY2021Q3,operating_income,OperatingIncomeLoss
2021-01-01,2021-12-31,2021-12-31,24879000000,USD,2021,FY,10-K,,operating_income,OperatingIncomeLoss
2021-01-01,2021-12-31,2021-12-31,24879000000,USD,2022,FY,10-K,,operating_income,OperatingIncomeLoss
2021-01-01,2021-12-31,2021-12-31,24879000000,USD,2023,FY,10-K,CY2021,operating_income,OperatingIncomeLoss
2022-01-01,2022-03-31,2022-03-31,3669000000,USD,2022,Q1,10-Q,,operating_income,OperatingIncomeLoss
2022-01-01,2022-03-31,2022-03-31,3669000000,USD,2023,Q1,10-Q,CY2022Q1,operating_income,OperatingIncomeLoss
2022-01-01,2022-06-30,2022-06-30,6986000000,USD,2022,Q2,10-Q,,operating_income,OperatingIncomeLoss
2022-01-01,2022-06-30,2022-06-30,6986000000,USD,2023,Q2,10-Q,,operating_income,OperatingIncomeLoss
2022-04-01,2022-06-30,2022-06-30,3317000000,USD,2022,Q2,10-Q,,operating_income,OperatingIncomeLoss
2022-04-01,2022-06-30,2022-06-30,3317000000,USD,2023,Q2,10-Q,CY2022Q2,operating_income,OperatingIncomeLoss
2022-01-01,2022-09-30,2022-09-30,9511000000,USD,2022,Q3,10-Q,,operating_income,OperatingIncomeLoss
2022-01-01,2022-09-30,2022-09-30,9511000000,USD,2023,Q3,10-Q,,operating_income,OperatingIncomeLoss
2022-07-01,2022-09-30,2022-09-30,2525000000,USD,2022,Q3,10-Q,,operating_income,OperatingIncomeLoss
2022-07-01,2022-09-30,2022-09-30,2525000000,USD,2023,Q3,10-Q,CY2022Q3,operating_income,OperatingIncomeLoss
2022-01-01,2022-12-31,2022-12-31,12248000000,USD,2022,FY,10-K,,operating_income,OperatingIncomeLoss
2022-01-01,2022-12-31,2022-12-31,12248000000,USD,2023,FY,10-K,,operating_income,OperatingIncomeLoss
2022-01-01,2022-12-31,2022-12-31,12248000000,USD,2024,FY,10-K,CY2022,operating_income,OperatingIncomeLoss
2023-01-01,2023-03-31,2023-03-31,4774000000,USD,2023,Q1,10-Q,,operating_income,OperatingIncomeLoss
2023-01-01,2023-03-31,2023-03-31,4774000000,USD,2024,Q1,10-Q,CY2023Q1,operating_income,OperatingIncomeLoss
2023-01-01,2023-06-30,2023-06-30,12455000000,USD,2023,Q2,10-Q,,operating_income,OperatingIncomeLoss
2023-01-01,2023-06-30,2023-06-30,12455000000,USD,2024,Q2,10-Q,,operating_income,OperatingIncomeLoss
2023-04-01,2023-06-30,2023-06-30,7681000000,USD,2023,Q2,10-Q,,operating_income,OperatingIncomeLoss
2023-04-01,2023-06-30,2023-06-30,7681000000,USD,2024,Q2,10-Q,CY2023Q2,operating_income,OperatingIncomeLoss
2023-01-01,2023-09-30,2023-09-30,23643000000,USD,2023,Q3,10-Q,,operating_income,OperatingIncomeLoss
2023-01-01,2023-09-30,2023-09-30,23643000000,USD,2024,Q3,10-Q,,operating_income,OperatingIncomeLoss
2023-07-01,2023-09-30,2023-09-30,11188000000,USD,2023,Q3,10-Q,,operating_income,OperatingIncomeLoss
2023-07-01,2023-09-30,2023-09-30,11188000000,USD,2024,Q3,10-Q,CY2023Q3,operating_income,OperatingIncomeLoss
2023-01-01,2023-12-31,2023-12-31,36852000000,USD,2023,FY,10-K,,operating_income,OperatingIncomeLoss
2023-01-01,2023-12-31,2023-12-31,36852000000,USD,2024,FY,10-K,,operating_income,OperatingIncomeLoss
2023-01-01,2023-12-31,2023-12-31,36852000000,USD,2025,FY,10-K,CY2023,operating_income,OperatingIncomeLoss
2024-01-01,2024-03-31,2024-03-31,15307000000,USD,2024,Q1,10-Q,,operating_income,OperatingIncomeLoss
2024-01-01,2024-03-31,2024-03-31,15307000000,USD,2025,Q1,10-Q,CY2024Q1,operating_income,OperatingIncomeLoss
2024-01-01,2024-06-30,2024-06-30,29979000000,USD,2024,Q2,10-Q,,operating_income,OperatingIncomeLoss
2024-01-01,2024-06-30,2024-06-30,29979000000,USD,2025,Q2,10-Q,,operating_income,OperatingIncomeLoss
2024-04-01,2024-06-30,2024-06-30,14672000000,USD,2024,Q2,10-Q,,operating_income,OperatingIncomeLoss
2024-04-01,2024-06-30,2024-06-30,14672000000,USD,2025,Q2,10-Q,CY2024Q2,operating_income,OperatingIncomeLoss
2024-01-01,2024-09-30,2024-09-30,47390000000,USD,2024,Q3,10-Q,,operating_income,OperatingIncomeLoss
2024-01-01,2024-09-30,2024-09-30,47390000000,USD,2025,Q3,10-Q,,operating_income,OperatingIncomeLoss
2024-07-01,2024-09-30,2024-09-30,17411000000,USD,2024,Q3,10-Q,,operating_income,OperatingIncomeLoss
2024-07-01,2024-09-30,2024-09-30,17411000000,USD,2025,Q3,10-Q,CY2024Q3,operating_income,OperatingIncomeLoss
2024-01-01,2024-12-31,2024-12-31,68593000000,USD,2024,FY,10-K,,operating_income,OperatingIncomeLoss
2024-01-01,2024-12-31,2024-12-31,68593000000,USD,2025,FY,10-K,CY2024,operating_income,OperatingIncomeLoss
2025-01-01,2025-03-31,2025-03-31,18405000000,USD,2025,Q1,10-Q,,operating_income,OperatingIncomeLoss
2025-01-01,2025-03-31,2025-03-31,18405000000,USD,2026,Q1,10-Q,CY2025Q1,operating_income,OperatingIncomeLoss
2025-01-01,2025-06-30,2025-06-30,37576000000,USD,2025,Q2,10-Q,,operating_income,OperatingIncomeLoss
2025-04-01,2025-06-30,2025-06-30,19171000000,USD,2025,Q2,10-Q,CY2025Q2,operating_income,OperatingIncomeLoss
2025-01-01,2025-09-30,2025-09-30,54998000000,USD,2025,Q3,10-Q,,operating_income,OperatingIncomeLoss
2025-07-01,2025-09-30,2025-09-30,17422000000,USD,2025,Q3,10-Q,CY2025Q3,operating_income,OperatingIncomeLoss
2025-01-01,2025-12-31,2025-12-31,79975000000,USD,2025,FY,10-K,CY2025,operating_income,OperatingIncomeLoss
2026-01-01,2026-03-31,2026-03-31,23852000000,USD,2026,Q1,10-Q,CY2026Q1,operating_income,OperatingIncomeLoss
2007-01-01,2007-12-31,2007-12-31,224000000,USD,2009,FY,10-K,CY2007,capex,PaymentsToAcquirePropertyPlantAndEquipment
2007-07-01,2008-06-30,2008-06-30,272000000,USD,2009,Q2,10-Q,,capex,PaymentsToAcquirePropertyPlantAndEquipment
2008-01-01,2008-06-30,2008-06-30,130000000,USD,2009,Q2,10-Q,,capex,PaymentsToAcquirePropertyPlantAndEquipment
2008-04-01,2008-06-30,2008-06-30,69000000,USD,2009,Q2,10-Q,CY2008Q2,capex,PaymentsToAcquirePropertyPlantAndEquipment
2007-10-01,2008-09-30,2008-09-30,305000000,USD,2009,Q3,10-Q,,capex,PaymentsToAcquirePropertyPlantAndEquipment
2008-01-01,2008-09-30,2008-09-30,231000000,USD,2009,Q3,10-Q,,capex,PaymentsToAcquirePropertyPlantAndEquipment
2008-07-01,2008-09-30,2008-09-30,102000000,USD,2009,Q3,10-Q,CY2008Q3,capex,PaymentsToAcquirePropertyPlantAndEquipment
2008-01-01,2008-12-31,2008-12-31,333000000,USD,2009,FY,10-K,,capex,PaymentsToAcquirePropertyPlantAndEquipment
2008-01-01,2008-12-31,2008-12-31,333000000,USD,2010,FY,10-K,CY2008,capex,PaymentsToAcquirePropertyPlantAndEquipment
2008-04-01,2009-03-31,2009-03-31,326000000,USD,2010,Q1,10-Q,,capex,PaymentsToAcquirePropertyPlantAndEquipment
2009-01-01,2009-03-31,2009-03-31,55000000,USD,2010,Q1,10-Q,CY2009Q1,capex,PaymentsToAcquirePropertyPlantAndEquipment
2008-07-01,2009-06-30,2009-06-30,336000000,USD,2009,Q2,10-Q,,capex,PaymentsToAcquirePropertyPlantAndEquipment
2008-07-01,2009-06-30,2009-06-30,336000000,USD,2010,Q2,10-Q,,capex,PaymentsToAcquirePropertyPlantAndEquipment
2009-01-01,2009-06-30,2009-06-30,133000000,USD,2009,Q2,10-Q,,capex,PaymentsToAcquirePropertyPlantAndEquipment
2009-01-01,2009-06-30,2009-06-30,133000000,USD,2010,Q2,10-Q,,capex,PaymentsToAcquirePropertyPlantAndEquipment
2009-04-01,2009-06-30,2009-06-30,78000000,USD,2009,Q2,10-Q,,capex,PaymentsToAcquirePropertyPlantAndEquipment
2009-04-01,2009-06-30,2009-06-30,78000000,USD,2010,Q2,10-Q,CY2009Q2,capex,PaymentsToAcquirePropertyPlantAndEquipment
2008-10-01,2009-09-30,2009-09-30,337000000,USD,2009,Q3,10-Q,,capex,PaymentsToAcquirePropertyPlantAndEquipment
2008-10-01,2009-09-30,2009-09-30,337000000,USD,2010,Q3,10-Q,,capex,PaymentsToAcquirePropertyPlantAndEquipment
2009-01-01,2009-09-30,2009-09-30,236000000,USD,2009,Q3,10-Q,,capex,PaymentsToAcquirePropertyPlantAndEquipment
2009-01-01,2009-09-30,2009-09-30,236000000,USD,2010,Q3,10-Q,,capex,PaymentsToAcquirePropertyPlantAndEquipment
2009-07-01,2009-09-30,2009-09-30,103000000,USD,2009,Q3,10-Q,,capex,PaymentsToAcquirePropertyPlantAndEquipment
2009-07-01,2009-09-30,2009-09-30,103000000,USD,2010,Q3,10-Q,CY2009Q3,capex,PaymentsToAcquirePropertyPlantAndEquipment
2009-01-01,2009-12-31,2009-12-31,373000000,USD,2009,FY,10-K,,capex,PaymentsToAcquirePropertyPlantAndEquipment
2009-01-01,2009-12-31,2009-12-31,373000000,USD,2010,FY,10-K,,capex,PaymentsToAcquirePropertyPlantAndEquipment
2009-01-01,2009-12-31,2009-12-31,373000000,USD,2011,FY,10-K,CY2009,capex,PaymentsToAcquirePropertyPlantAndEquipment
2009-04-01,2010-03-31,2010-03-31,458000000,USD,2010,Q1,10-Q,,capex,PaymentsToAcquirePropertyPlantAndEquipment
2009-04-01,2010-03-31,2010-03-31,458000000,USD,2011,Q1,10-Q,,capex,PaymentsToAcquirePropertyPlantAndEquipment
2010-01-01,2010-03-31,2010-03-31,140000000,USD,2010,Q1,10-Q,,capex,PaymentsToAcquirePropertyPlantAndEquipment
2010-01-01,2010-03-31,2010-03-31,140000000,USD,2011,Q1,10-Q,CY2010Q1,capex,PaymentsToAcquirePropertyPlantAndEquipment
2009-07-01,2010-06-30,2010-06-30,575000000,USD,2010,Q2,10-Q,,capex,PaymentsToAcquirePropertyPlantAndEquipment
2009-07-01,2010-06-30,2010-06-30,575000000,USD,2011,Q2,10-Q,,capex,PaymentsToAcquirePropertyPlantAndEquipment
2010-01-01,2010-06-30,2010-06-30,336000000,USD,2010,Q2,10-Q,,capex,PaymentsToAcquirePropertyPlantAndEquipment
2010-01-01,2010-06-30,2010-06-30,336000000,USD,2011,Q2,10-Q,,capex,PaymentsToAcquirePropertyPlantAndEquipment
2010-04-01,2010-06-30,2010-06-30,196000000,USD,2010,Q2,10-Q,,capex,PaymentsToAcquirePropertyPlantAndEquipment
2010-04-01,2010-06-30,2010-06-30,196000000,USD,2011,Q2,10-Q,CY2010Q2,capex,PaymentsToAcquirePropertyPlantAndEquipment
2009-10-01,2010-09-30,2010-09-30,788000000,USD,2010,Q3,10-Q,,capex,PaymentsToAcquirePropertyPlantAndEquipment
2009-10-01,2010-09-30,2010-09-30,788000000,USD,2011,Q3,10-Q,,capex,PaymentsToAcquirePropertyPlantAndEquipment
2010-01-01,2010-09-30,2010-09-30,651000000,USD,2010,Q3,10-Q,,capex,PaymentsToAcquirePropertyPlantAndEquipment
2010-01-01,2010-09-30,2010-09-30,651000000,USD,2011,Q3,10-Q,,capex,PaymentsToAcquirePropertyPlantAndEquipment
2010-07-01,2010-09-30,2010-09-30,315000000,USD,2010,Q3,10-Q,,capex,PaymentsToAcquirePropertyPlantAndEquipment
2010-07-01,2010-09-30,2010-09-30,315000000,USD,2011,Q3,10-Q,CY2010Q3,capex,PaymentsToAcquirePropertyPlantAndEquipment
2010-01-01,2010-12-31,2010-12-31,979000000,USD,2010,FY,10-K,,capex,PaymentsToAcquirePropertyPlantAndEquipment
2010-01-01,2010-12-31,2010-12-31,979000000,USD,2011,FY,10-K,,capex,PaymentsToAcquirePropertyPlantAndEquipment
2010-01-01,2010-12-31,2010-12-31,979000000,USD,2012,FY,10-K,CY2010,capex,PaymentsToAcquirePropertyPlantAndEquipment
2010-04-01,2011-03-31,2011-03-31,1138000000,USD,2011,Q1,10-Q,,capex,PaymentsToAcquirePropertyPlantAndEquipment
2010-04-01,2011-03-31,2011-03-31,1138000000,USD,2012,Q1,10-Q,,capex,PaymentsToAcquirePropertyPlantAndEquipment
2011-01-01,2011-03-31,2011-03-31,298000000,USD,2011,Q1,10-Q,,capex,PaymentsToAcquirePropertyPlantAndEquipment
2011-01-01,2011-03-31,2011-03-31,298000000,USD,2012,Q1,10-Q,CY2011Q1,capex,PaymentsToAcquirePropertyPlantAndEquipment
2010-07-01,2011-06-30,2011-06-30,1374000000,USD,2011,Q2,10-Q,,capex,PaymentsToAcquirePropertyPlantAndEquipment
2010-07-01,2011-06-30,2011-06-30,1374000000,USD,2012,Q2,10-Q,,capex,PaymentsToAcquirePropertyPlantAndEquipment
2011-01-01,2011-06-30,2011-06-30,731000000,USD,2011,Q2,10-Q,,capex,PaymentsToAcquirePropertyPlantAndEquipment
2011-01-01,2011-06-30,2011-06-30,731000000,USD,2012,Q2,10-Q,,capex,PaymentsToAcquirePropertyPlantAndEquipment
2011-04-01,2011-06-30,2011-06-30,433000000,USD,2011,Q2,10-Q,,capex,PaymentsToAcquirePropertyPlantAndEquipment
2011-04-01,2011-06-30,2011-06-30,433000000,USD,2012,Q2,10-Q,CY2011Q2,capex,PaymentsToAcquirePropertyPlantAndEquipment
2010-10-01,2011-09-30,2011-09-30,1589000000,USD,2011,Q3,10-Q,,capex,PaymentsToAcquirePropertyPlantAndEquipment
2010-10-01,2011-09-30,2011-09-30,1589000000,USD,2012,Q3,10-Q,,capex,PaymentsToAcquirePropertyPlantAndEquipment
2011-01-01,2011-09-30,2011-09-30,1261000000,USD,2011,Q3,10-Q,,capex,PaymentsToAcquirePropertyPlantAndEquipment
2011-01-01,2011-09-30,2011-09-30,1261000000,USD,2012,Q3,10-Q,,capex,PaymentsToAcquirePropertyPlantAndEquipment
2011-07-01,2011-09-30,2011-09-30,529000000,USD,2011,Q3,10-Q,,capex,PaymentsToAcquirePropertyPlantAndEquipment
2011-07-01,2011-09-30,2011-09-30,529000000,USD,2012,Q3,10-Q,CY2011Q3,capex,PaymentsToAcquirePropertyPlantAndEquipment
2011-01-01,2011-12-31,2011-12-31,1811000000,USD,2011,FY,10-K,,capex,PaymentsToAcquirePropertyPlantAndEquipment
2011-01-01,2011-12-31,2011-12-31,1811000000,USD,2012,FY,10-K,,capex,PaymentsToAcquirePropertyPlantAndEquipment
2011-01-01,2011-12-31,2011-12-31,1811000000,USD,2013,FY,10-K,CY2011,capex,PaymentsToAcquirePropertyPlantAndEquipment
2011-04-01,2012-03-31,2012-03-31,1899000000,USD,2012,Q1,10-Q,,capex,PaymentsToAcquirePropertyPlantAndEquipment
2011-04-01,2012-03-31,2012-03-31,1899000000,USD,2013,Q1,10-Q,,capex,PaymentsToAcquirePropertyPlantAndEquipment
2012-01-01,2012-03-31,2012-03-31,386000000,USD,2012,Q1,10-Q,,capex,PaymentsToAcquirePropertyPlantAndEquipment
2012-01-01,2012-03-31,2012-03-31,386000000,USD,2013,Q1,10-Q,CY2012Q1,capex,PaymentsToAcquirePropertyPlantAndEquipment
2011-07-01,2012-06-30,2012-06-30,2123000000,USD,2012,Q2,10-Q,,capex,PaymentsToAcquirePropertyPlantAndEquipment
2011-07-01,2012-06-30,2012-06-30,2123000000,USD,2013,Q2,10-Q,,capex,PaymentsToAcquirePropertyPlantAndEquipment
2012-01-01,2012-06-30,2012-06-30,1043000000,USD,2012,Q2,10-Q,,capex,PaymentsToAcquirePropertyPlantAndEquipment
2012-01-01,2012-06-30,2012-06-30,1043000000,USD,2013,Q2,10-Q,,capex,PaymentsToAcquirePropertyPlantAndEquipment
2012-04-01,2012-06-30,2012-06-30,657000000,USD,2012,Q2,10-Q,,capex,PaymentsToAcquirePropertyPlantAndEquipment
2012-04-01,2012-06-30,2012-06-30,657000000,USD,2013,Q2,10-Q,CY2012Q2,capex,PaymentsToAcquirePropertyPlantAndEquipment
2011-10-01,2012-09-30,2012-09-30,2310000000,USD,2012,Q3,10-Q,,capex,PaymentsToAcquirePropertyPlantAndEquipment
2011-10-01,2012-09-30,2012-09-30,2310000000,USD,2013,Q3,10-Q,,capex,PaymentsToAcquirePropertyPlantAndEquipment
2012-01-01,2012-09-30,2012-09-30,1759000000,USD,2012,Q3,10-Q,,capex,PaymentsToAcquirePropertyPlantAndEquipment
2012-01-01,2012-09-30,2012-09-30,1759000000,USD,2013,Q3,10-Q,,capex,PaymentsToAcquirePropertyPlantAndEquipment
2012-07-01,2012-09-30,2012-09-30,716000000,USD,2012,Q3,10-Q,,capex,PaymentsToAcquirePropertyPlantAndEquipment
2012-07-01,2012-09-30,2012-09-30,716000000,USD,2013,Q3,10-Q,CY2012Q3,capex,PaymentsToAcquirePropertyPlantAndEquipment
2012-01-01,2012-12-31,2012-12-31,3785000000,USD,2012,FY,10-K,,capex,PaymentsToAcquirePropertyPlantAndEquipment
2012-01-01,2012-12-31,2012-12-31,3785000000,USD,2013,FY,10-K,,capex,PaymentsToAcquirePropertyPlantAndEquipment
2012-01-01,2012-12-31,2012-12-31,3785000000,USD,2014,FY,10-K,CY2012,capex,PaymentsToAcquirePropertyPlantAndEquipment
2012-04-01,2013-03-31,2013-03-31,4068000000,USD,2013,Q1,10-Q,,capex,PaymentsToAcquirePropertyPlantAndEquipment
2012-04-01,2013-03-31,2013-03-31,4068000000,USD,2014,Q1,10-Q,,capex,PaymentsToAcquirePropertyPlantAndEquipment
2013-01-01,2013-03-31,2013-03-31,670000000,USD,2013,Q1,10-Q,,capex,PaymentsToAcquirePropertyPlantAndEquipment
2013-01-01,2013-03-31,2013-03-31,670000000,USD,2014,Q1,10-Q,CY2013Q1,capex,PaymentsToAcquirePropertyPlantAndEquipment
2012-07-01,2013-06-30,2013-06-30,4267000000,USD,2013,Q2,10-Q,,capex,PaymentsToAcquirePropertyPlantAndEquipment
2012-07-01,2013-06-30,2013-06-30,4267000000,USD,2014,Q2,10-Q,,capex,PaymentsToAcquirePropertyPlantAndEquipment
2013-01-01,2013-06-30,2013-06-30,1526000000,USD,2013,Q2,10-Q,,capex,PaymentsToAcquirePropertyPlantAndEquipment
2013-01-01,2013-06-30,2013-06-30,1526000000,USD,2014,Q2,10-Q,,capex,PaymentsToAcquirePropertyPlantAndEquipment
2013-04-01,2013-06-30,2013-06-30,855000000,USD,2013,Q2,10-Q,,capex,PaymentsToAcquirePropertyPlantAndEquipment
2013-04-01,2013-06-30,2013-06-30,855000000,USD,2014,Q2,10-Q,CY2013Q2,capex,PaymentsToAcquirePropertyPlantAndEquipment
2012-10-01,2013-09-30,2013-09-30,4589000000,USD,2013,Q3,10-Q,,capex,PaymentsToAcquirePropertyPlantAndEquipment
2012-10-01,2013-09-30,2013-09-30,4589000000,USD,2014,Q3,10-Q,,capex,PaymentsToAcquirePropertyPlantAndEquipment
2013-01-01,2013-09-30,2013-09-30,2565000000,USD,2013,Q3,10-Q,,capex,PaymentsToAcquirePropertyPlantAndEquipment
2013-01-01,2013-09-30,2013-09-30,2565000000,USD,2014,Q3,10-Q,,capex,PaymentsToAcquirePropertyPlantAndEquipment
2013-07-01,2013-09-30,2013-09-30,1038000000,USD,2013,Q3,10-Q,,capex,PaymentsToAcquirePropertyPlantAndEquipment
2013-07-01,2013-09-30,2013-09-30,1038000000,USD,2014,Q3,10-Q,CY2013Q3,capex,PaymentsToAcquirePropertyPlantAndEquipment
2013-01-01,2013-12-31,2013-12-31,3444000000,USD,2013,FY,10-K,,capex,PaymentsToAcquirePropertyPlantAndEquipment
2013-01-01,2013-12-31,2013-12-31,3444000000,USD,2014,FY,10-K,,capex,PaymentsToAcquirePropertyPlantAndEquipment
2013-01-01,2013-12-31,2013-12-31,3444000000,USD,2015,FY,10-K,CY2013,capex,PaymentsToAcquirePropertyPlantAndEquipment
2013-04-01,2014-03-31,2014-03-31,3854000000,USD,2014,Q1,10-Q,,capex,PaymentsToAcquirePropertyPlantAndEquipment
2013-04-01,2014-03-31,2014-03-31,3854000000,USD,2015,Q1,10-Q,,capex,PaymentsToAcquirePropertyPlantAndEquipment
2014-01-01,2014-03-31,2014-03-31,1080000000,USD,2014,Q1,10-Q,,capex,PaymentsToAcquirePropertyPlantAndEquipment
2014-01-01,2014-03-31,2014-03-31,1080000000,USD,2015,Q1,10-Q,CY2014Q1,capex,PaymentsToAcquirePropertyPlantAndEquipment
2013-07-01,2014-06-30,2014-06-30,4288000000,USD,2014,Q2,10-Q,,capex,PaymentsToAcquirePropertyPlantAndEquipment
2013-07-01,2014-06-30,2014-06-30,4288000000,USD,2015,Q2,10-Q,,capex,PaymentsToAcquirePropertyPlantAndEquipment
2014-01-01,2014-06-30,2014-06-30,2370000000,USD,2014,Q2,10-Q,,capex,PaymentsToAcquirePropertyPlantAndEquipment
2014-01-01,2014-06-30,2014-06-30,2370000000,USD,2015,Q2,10-Q,,capex,PaymentsToAcquirePropertyPlantAndEquipment
2014-04-01,2014-06-30,2014-06-30,1290000000,USD,2014,Q2,10-Q,,capex,PaymentsToAcquirePropertyPlantAndEquipment
2014-04-01,2014-06-30,2014-06-30,1290000000,USD,2015,Q2,10-Q,CY2014Q2,capex,PaymentsToAcquirePropertyPlantAndEquipment
2013-10-01,2014-09-30,2014-09-30,4628000000,USD,2014,Q3,10-Q,,capex,PaymentsToAcquirePropertyPlantAndEquipment
2013-10-01,2014-09-30,2014-09-30,4628000000,USD,2015,Q3,10-Q,,capex,PaymentsToAcquirePropertyPlantAndEquipment
2014-01-01,2014-09-30,2014-09-30,3748000000,USD,2014,Q3,10-Q,,capex,PaymentsToAcquirePropertyPlantAndEquipment
2014-01-01,2014-09-30,2014-09-30,3748000000,USD,2015,Q3,10-Q,,capex,PaymentsToAcquirePropertyPlantAndEquipment
2014-07-01,2014-09-30,2014-09-30,1378000000,USD,2014,Q3,10-Q,,capex,PaymentsToAcquirePropertyPlantAndEquipment
2014-07-01,2014-09-30,2014-09-30,1378000000,USD,2015,Q3,10-Q,CY2014Q3,capex,PaymentsToAcquirePropertyPlantAndEquipment
2014-01-01,2014-12-31,2014-12-31,4893000000,USD,2014,FY,10-K,,capex,PaymentsToAcquirePropertyPlantAndEquipment
2014-01-01,2014-12-31,2014-12-31,4893000000,USD,2015,FY,10-K,,capex,PaymentsToAcquirePropertyPlantAndEquipment
2014-01-01,2014-12-31,2014-12-31,4893000000,USD,2016,FY,10-K,CY2014,capex,PaymentsToAcquirePropertyPlantAndEquipment
2014-04-01,2015-03-31,2015-03-31,4684000000,USD,2015,Q1,10-Q,,capex,PaymentsToAcquirePropertyPlantAndEquipment
2014-04-01,2015-03-31,2015-03-31,4684000000,USD,2016,Q1,10-Q,,capex,PaymentsToAcquirePropertyPlantAndEquipment
2015-01-01,2015-03-31,2015-03-31,871000000,USD,2015,Q1,10-Q,,capex,PaymentsToAcquirePropertyPlantAndEquipment
2015-01-01,2015-03-31,2015-03-31,871000000,USD,2016,Q1,10-Q,CY2015Q1,capex,PaymentsToAcquirePropertyPlantAndEquipment
2014-07-01,2015-06-30,2015-06-30,4607000000,USD,2015,Q2,10-Q,,capex,PaymentsToAcquirePropertyPlantAndEquipment
2014-07-01,2015-06-30,2015-06-30,4607000000,USD,2016,Q2,10-Q,,capex,PaymentsToAcquirePropertyPlantAndEquipment
2015-01-01,2015-06-30,2015-06-30,2084000000,USD,2015,Q2,10-Q,,capex,PaymentsToAcquirePropertyPlantAndEquipment
2015-01-01,2015-06-30,2015-06-30,2084000000,USD,2016,Q2,10-Q,,capex,PaymentsToAcquirePropertyPlantAndEquipment
2015-04-01,2015-06-30,2015-06-30,1213000000,USD,2015,Q2,10-Q,,capex,PaymentsToAcquirePropertyPlantAndEquipment
2015-04-01,2015-06-30,2015-06-30,1213000000,USD,2016,Q2,10-Q,CY2015Q2,capex,PaymentsToAcquirePropertyPlantAndEquipment
2014-10-01,2015-09-30,2015-09-30,4424000000,USD,2015,Q3,10-Q,,capex,PaymentsToAcquirePropertyPlantAndEquipment
2014-10-01,2015-09-30,2015-09-30,4424000000,USD,2016,Q3,10-Q,,capex,PaymentsToAcquirePropertyPlantAndEquipment
2015-01-01,2015-09-30,2015-09-30,3280000000,USD,2015,Q3,10-Q,,capex,PaymentsToAcquirePropertyPlantAndEquipment
2015-01-01,2015-09-30,2015-09-30,3280000000,USD,2016,Q3,10-Q,,capex,PaymentsToAcquirePropertyPlantAndEquipment
2015-07-01,2015-09-30,2015-09-30,1195000000,USD,2015,Q3,10-Q,,capex,PaymentsToAcquirePropertyPlantAndEquipment
2015-07-01,2015-09-30,2015-09-30,1195000000,USD,2016,Q3,10-Q,CY2015Q3,capex,PaymentsToAcquirePropertyPlantAndEquipment
2015-01-01,2015-12-31,2015-12-31,4589000000,USD,2015,FY,10-K,,capex,PaymentsToAcquirePropertyPlantAndEquipment
2015-01-01,2015-12-31,2015-12-31,4589000000,USD,2016,FY,10-K,CY2015,capex,PaymentsToAcquirePropertyPlantAndEquipment
2015-04-01,2016-03-31,2016-03-31,4897000000,USD,2016,Q1,10-Q,,capex,PaymentsToAcquirePropertyPlantAndEquipment
2015-04-01,2016-03-31,2016-03-31,4897000000,USD,2017,Q1,10-Q,,capex,PaymentsToAcquirePropertyPlantAndEquipment
2016-01-01,2016-03-31,2016-03-31,1179000000,USD,2016,Q1,10-Q,,capex,PaymentsToAcquirePropertyPlantAndEquipment
2016-01-01,2016-03-31,2016-03-31,1179000000,USD,2017,Q1,10-Q,CY2016Q1,capex,PaymentsToAcquirePropertyPlantAndEquipment
2015-07-01,2016-06-30,2016-06-30,5395000000,USD,2016,Q2,10-Q,,capex,PaymentsToAcquirePropertyPlantAndEquipment
2016-01-01,2016-06-30,2016-06-30,2890000000,USD,2016,Q2,10-Q,,capex,PaymentsToAcquirePropertyPlantAndEquipment
2016-04-01,2016-06-30,2016-06-30,1711000000,USD,2016,Q2,10-Q,CY2016Q2,capex,PaymentsToAcquirePropertyPlantAndEquipment
2015-10-01,2016-09-30,2016-09-30,6040000000,USD,2016,Q3,10-Q,,capex,PaymentsToAcquirePropertyPlantAndEquipment
2016-01-01,2016-09-30,2016-09-30,4731000000,USD,2016,Q3,10-Q,,capex,PaymentsToAcquirePropertyPlantAndEquipment
2016-07-01,2016-09-30,2016-09-30,1841000000,USD,2016,Q3,10-Q,CY2016Q3,capex,PaymentsToAcquirePropertyPlantAndEquipment
2016-01-01,2016-12-31,2016-12-31,6737000000,USD,2016,FY,10-K,CY2016,capex,PaymentsToAcquirePropertyPlantAndEquipment
2016-04-01,2017-03-31,2017-03-31,7417000000,USD,2017,Q1,10-Q,,capex,PaymentsToAcquirePropertyPlantAndEquipment
2017-01-01,2017-03-31,2017-03-31,1861000000,USD,2017,Q1,10-Q,CY2017Q1,capex,PaymentsToAcquirePropertyPlantAndEquipment
